user_id,plan_type,start_date,end_date,is_active,created_at,updated_at
1,premium,2024-06-13,,True,2024-06-13,2024-06-14
2,basic,2024-07-25,2024-08-24,False,2024-07-25,2024-07-26
2,basic,2024-08-24,,True,2024-08-24,2024-08-25
3,basic,2025-04-26,,True,2025-04-26,2025-04-27
4,standard,2024-06-15,2024-07-15,False,2024-06-15,2024-06-16
4,basic,2024-07-15,,True,2024-07-15,2024-07-16
5,premium,2024-12-05,2025-01-04,False,2024-12-05,2024-12-06
5,basic,2025-01-04,,True,2025-01-04,2025-01-05
6,basic,2025-02-21,2025-03-23,False,2025-02-21,2025-02-22
6,standard,2025-03-23,,True,2025-03-23,2025-03-24
7,standard,2024-08-23,,True,2024-08-23,2024-08-24
8,basic,2025-04-18,,True,2025-04-18,2025-04-19
9,basic,2025-02-14,,True,2025-02-14,2025-02-15
10,premium,2024-08-21,,True,2024-08-21,2024-08-22
11,premium,2024-07-07,,True,2024-07-07,2024-07-08
12,premium,2024-10-07,2024-11-06,False,2024-10-07,2024-10-08
12,basic,2024-11-06,,True,2024-11-06,2024-11-07
13,standard,2025-02-26,,True,2025-02-26,2025-02-27
14,standard,2025-05-07,,True,2025-05-07,2025-05-08
15,premium,2025-04-03,2025-05-03,False,2025-04-03,2025-04-04
15,premium,2025-05-03,,True,2025-05-03,2025-05-04
16,basic,2024-10-14,,True,2024-10-14,2024-10-15
17,basic,2024-06-20,,True,2024-06-20,2024-06-21
18,standard,2025-05-30,2025-06-29,False,2025-05-30,2025-05-31
18,basic,2025-06-29,,True,2025-06-29,2025-06-30
19,premium,2024-07-10,,True,2024-07-10,2024-07-11
20,basic,2025-04-05,2025-05-05,False,2025-04-05,2025-04-06
20,premium,2025-05-05,,True,2025-05-05,2025-05-06
21,basic,2024-08-19,,True,2024-08-19,2024-08-20
22,basic,2025-02-09,2025-03-11,False,2025-02-09,2025-02-10
22,premium,2025-03-11,,True,2025-03-11,2025-03-12
23,premium,2024-08-05,,True,2024-08-05,2024-08-06
24,basic,2024-11-20,,True,2024-11-20,2024-11-21
25,basic,2025-01-24,,True,2025-01-24,2025-01-25
26,premium,2024-09-30,,True,2024-09-30,2024-10-01
27,standard,2024-08-26,2024-09-25,False,2024-08-26,2024-08-27
27,standard,2024-09-25,,True,2024-09-25,2024-09-26
28,basic,2024-10-28,,True,2024-10-28,2024-10-29
29,premium,2025-05-15,,True,2025-05-15,2025-05-16
30,basic,2024-08-20,,True,2024-08-20,2024-08-21
31,standard,2025-05-04,,True,2025-05-04,2025-05-05
32,basic,2024-07-25,2024-08-24,False,2024-07-25,2024-07-26
32,basic,2024-08-24,,True,2024-08-24,2024-08-25
33,basic,2024-09-08,,True,2024-09-08,2024-09-09
34,premium,2025-01-03,,True,2025-01-03,2025-01-04
35,standard,2025-06-04,,True,2025-06-04,2025-06-05
36,premium,2025-03-07,,True,2025-03-07,2025-03-08
37,premium,2025-01-19,2025-02-18,False,2025-01-19,2025-01-20
37,premium,2025-02-18,,True,2025-02-18,2025-02-19
38,basic,2025-01-08,2025-02-07,False,2025-01-08,2025-01-09
38,basic,2025-02-07,,True,2025-02-07,2025-02-08
39,basic,2025-06-03,,True,2025-06-03,2025-06-04
40,premium,2024-12-23,2025-01-22,False,2024-12-23,2024-12-24
40,basic,2025-01-22,,True,2025-01-22,2025-01-23
41,standard,2025-02-22,2025-03-24,False,2025-02-22,2025-02-23
41,standard,2025-03-24,,True,2025-03-24,2025-03-25
42,premium,2025-03-05,,True,2025-03-05,2025-03-06
43,premium,2024-07-14,,True,2024-07-14,2024-07-15
44,standard,2024-06-05,,True,2024-06-05,2024-06-06
45,premium,2024-09-08,2024-10-08,False,2024-09-08,2024-09-09
45,basic,2024-10-08,,True,2024-10-08,2024-10-09
46,standard,2024-12-06,,True,2024-12-06,2024-12-07
47,basic,2024-09-21,,True,2024-09-21,2024-09-22
48,standard,2024-08-15,,True,2024-08-15,2024-08-16
49,premium,2024-12-18,,True,2024-12-18,2024-12-19
50,premium,2025-05-06,2025-06-05,False,2025-05-06,2025-05-07
50,premium,2025-06-05,,True,2025-06-05,2025-06-06
51,standard,2024-06-11,,True,2024-06-11,2024-06-12
52,premium,2025-05-30,,True,2025-05-30,2025-05-31
53,basic,2024-06-25,2024-07-25,False,2024-06-25,2024-06-26
53,basic,2024-07-25,,True,2024-07-25,2024-07-26
54,standard,2024-07-02,2024-08-01,False,2024-07-02,2024-07-03
54,basic,2024-08-01,,True,2024-08-01,2024-08-02
55,premium,2024-06-29,,True,2024-06-29,2024-06-30
56,premium,2024-07-20,,True,2024-07-20,2024-07-21
57,standard,2024-12-22,2025-01-21,False,2024-12-22,2024-12-23
57,premium,2025-01-21,,True,2025-01-21,2025-01-22
58,basic,2025-01-12,2025-02-11,False,2025-01-12,2025-01-13
58,premium,2025-02-11,,True,2025-02-11,2025-02-12
59,basic,2025-03-07,,True,2025-03-07,2025-03-08
60,basic,2024-09-26,2024-10-26,False,2024-09-26,2024-09-27
60,premium,2024-10-26,,True,2024-10-26,2024-10-27
61,basic,2024-11-11,2024-12-11,False,2024-11-11,2024-11-12
61,basic,2024-12-11,,True,2024-12-11,2024-12-12
62,standard,2024-09-02,,True,2024-09-02,2024-09-03
63,basic,2025-01-05,,True,2025-01-05,2025-01-06
64,basic,2024-06-06,2024-07-06,False,2024-06-06,2024-06-07
64,standard,2024-07-06,,True,2024-07-06,2024-07-07
65,premium,2024-08-26,2024-09-25,False,2024-08-26,2024-08-27
65,standard,2024-09-25,,True,2024-09-25,2024-09-26
66,standard,2024-10-02,2024-11-01,False,2024-10-02,2024-10-03
66,standard,2024-11-01,,True,2024-11-01,2024-11-02
67,basic,2025-02-03,,True,2025-02-03,2025-02-04
68,standard,2025-02-23,,True,2025-02-23,2025-02-24
69,premium,2024-11-23,,True,2024-11-23,2024-11-24
70,basic,2024-10-30,,True,2024-10-30,2024-10-31
71,standard,2024-11-08,,True,2024-11-08,2024-11-09
72,standard,2025-04-16,,True,2025-04-16,2025-04-17
73,standard,2025-05-30,,True,2025-05-30,2025-05-31
74,standard,2025-02-25,,True,2025-02-25,2025-02-26
75,premium,2024-09-03,,True,2024-09-03,2024-09-04
76,standard,2024-07-25,2024-08-24,False,2024-07-25,2024-07-26
76,basic,2024-08-24,,True,2024-08-24,2024-08-25
77,premium,2024-09-03,,True,2024-09-03,2024-09-04
78,standard,2025-03-26,,True,2025-03-26,2025-03-27
79,standard,2024-06-22,,True,2024-06-22,2024-06-23
80,premium,2025-05-24,2025-06-23,False,2025-05-24,2025-05-25
80,basic,2025-06-23,,True,2025-06-23,2025-06-24
81,basic,2024-08-29,2024-09-28,False,2024-08-29,2024-08-30
81,basic,2024-09-28,,True,2024-09-28,2024-09-29
82,standard,2024-08-21,,True,2024-08-21,2024-08-22
83,standard,2024-08-03,,True,2024-08-03,2024-08-04
84,standard,2024-09-09,2024-10-09,False,2024-09-09,2024-09-10
84,basic,2024-10-09,,True,2024-10-09,2024-10-10
85,basic,2024-09-16,,True,2024-09-16,2024-09-17
86,basic,2025-06-03,2025-07-03,False,2025-06-03,2025-06-04
86,basic,2025-07-03,,True,2025-07-03,2025-07-04
87,basic,2024-11-29,,True,2024-11-29,2024-11-30
88,premium,2025-05-24,,True,2025-05-24,2025-05-25
89,standard,2024-06-26,2024-07-26,False,2024-06-26,2024-06-27
89,standard,2024-07-26,,True,2024-07-26,2024-07-27
90,standard,2025-01-03,2025-02-02,False,2025-01-03,2025-01-04
90,standard,2025-02-02,,True,2025-02-02,2025-02-03
91,premium,2024-12-15,2025-01-14,False,2024-12-15,2024-12-16
91,basic,2025-01-14,,True,2025-01-14,2025-01-15
92,standard,2024-07-03,2024-08-02,False,2024-07-03,2024-07-04
92,premium,2024-08-02,,True,2024-08-02,2024-08-03
93,standard,2024-06-28,2024-07-28,False,2024-06-28,2024-06-29
93,standard,2024-07-28,,True,2024-07-28,2024-07-29
94,basic,2024-07-17,2024-08-16,False,2024-07-17,2024-07-18
94,basic,2024-08-16,,True,2024-08-16,2024-08-17
95,standard,2025-01-01,2025-01-31,False,2025-01-01,2025-01-02
95,basic,2025-01-31,,True,2025-01-31,2025-02-01
96,standard,2024-11-04,,True,2024-11-04,2024-11-05
97,standard,2024-09-27,2024-10-27,False,2024-09-27,2024-09-28
97,basic,2024-10-27,,True,2024-10-27,2024-10-28
98,basic,2025-02-21,,True,2025-02-21,2025-02-22
99,basic,2024-07-21,,True,2024-07-21,2024-07-22
100,basic,2024-09-27,,True,2024-09-27,2024-09-28
101,basic,2024-06-07,,True,2024-06-07,2024-06-08
102,premium,2025-06-03,2025-07-03,False,2025-06-03,2025-06-04
102,basic,2025-07-03,,True,2025-07-03,2025-07-04
103,standard,2024-12-06,,True,2024-12-06,2024-12-07
104,standard,2025-04-22,2025-05-22,False,2025-04-22,2025-04-23
104,basic,2025-05-22,,True,2025-05-22,2025-05-23
105,basic,2024-09-16,2024-10-16,False,2024-09-16,2024-09-17
105,standard,2024-10-16,,True,2024-10-16,2024-10-17
106,premium,2025-02-16,,True,2025-02-16,2025-02-17
107,premium,2025-03-26,,True,2025-03-26,2025-03-27
108,premium,2025-03-30,,True,2025-03-30,2025-03-31
109,standard,2024-07-11,2024-08-10,False,2024-07-11,2024-07-12
109,basic,2024-08-10,,True,2024-08-10,2024-08-11
110,premium,2024-07-16,,True,2024-07-16,2024-07-17
111,premium,2024-07-30,,True,2024-07-30,2024-07-31
112,standard,2025-02-21,,True,2025-02-21,2025-02-22
113,standard,2025-04-12,,True,2025-04-12,2025-04-13
114,basic,2025-05-01,,True,2025-05-01,2025-05-02
115,standard,2025-01-22,,True,2025-01-22,2025-01-23
116,basic,2024-06-05,2024-07-05,False,2024-06-05,2024-06-06
116,basic,2024-07-05,,True,2024-07-05,2024-07-06
117,standard,2025-05-28,,True,2025-05-28,2025-05-29
118,standard,2024-12-22,,True,2024-12-22,2024-12-23
119,basic,2024-07-14,,True,2024-07-14,2024-07-15
120,standard,2025-04-30,2025-05-30,False,2025-04-30,2025-05-01
120,premium,2025-05-30,,True,2025-05-30,2025-05-31
121,standard,2024-10-17,2024-11-16,False,2024-10-17,2024-10-18
121,standard,2024-11-16,,True,2024-11-16,2024-11-17
122,standard,2024-07-20,,True,2024-07-20,2024-07-21
123,basic,2025-05-11,,True,2025-05-11,2025-05-12
124,basic,2024-10-12,,True,2024-10-12,2024-10-13
125,premium,2024-07-11,,True,2024-07-11,2024-07-12
126,basic,2025-04-20,2025-05-20,False,2025-04-20,2025-04-21
126,standard,2025-05-20,,True,2025-05-20,2025-05-21
127,standard,2025-05-08,2025-06-07,False,2025-05-08,2025-05-09
127,standard,2025-06-07,,True,2025-06-07,2025-06-08
128,premium,2025-05-27,2025-06-26,False,2025-05-27,2025-05-28
128,standard,2025-06-26,,True,2025-06-26,2025-06-27
129,basic,2024-11-01,2024-12-01,False,2024-11-01,2024-11-02
129,basic,2024-12-01,,True,2024-12-01,2024-12-02
130,premium,2024-10-03,,True,2024-10-03,2024-10-04
131,standard,2025-02-04,,True,2025-02-04,2025-02-05
132,premium,2024-09-09,,True,2024-09-09,2024-09-10
133,premium,2024-10-22,,True,2024-10-22,2024-10-23
134,basic,2024-08-24,2024-09-23,False,2024-08-24,2024-08-25
134,standard,2024-09-23,,True,2024-09-23,2024-09-24
135,standard,2024-10-09,2024-11-08,False,2024-10-09,2024-10-10
135,standard,2024-11-08,,True,2024-11-08,2024-11-09
136,basic,2024-08-26,2024-09-25,False,2024-08-26,2024-08-27
136,basic,2024-09-25,,True,2024-09-25,2024-09-26
137,premium,2024-10-27,2024-11-26,False,2024-10-27,2024-10-28
137,basic,2024-11-26,,True,2024-11-26,2024-11-27
138,basic,2025-05-23,,True,2025-05-23,2025-05-24
139,basic,2024-12-07,2025-01-06,False,2024-12-07,2024-12-08
139,basic,2025-01-06,,True,2025-01-06,2025-01-07
140,standard,2024-12-17,,True,2024-12-17,2024-12-18
141,standard,2025-04-20,2025-05-20,False,2025-04-20,2025-04-21
141,standard,2025-05-20,,True,2025-05-20,2025-05-21
142,standard,2025-05-22,,True,2025-05-22,2025-05-23
143,premium,2025-01-08,2025-02-07,False,2025-01-08,2025-01-09
143,premium,2025-02-07,,True,2025-02-07,2025-02-08
144,basic,2024-09-26,,True,2024-09-26,2024-09-27
145,basic,2024-07-16,,True,2024-07-16,2024-07-17
146,premium,2024-09-05,2024-10-05,False,2024-09-05,2024-09-06
146,standard,2024-10-05,,True,2024-10-05,2024-10-06
147,basic,2024-12-11,2025-01-10,False,2024-12-11,2024-12-12
147,standard,2025-01-10,,True,2025-01-10,2025-01-11
148,basic,2025-02-22,,True,2025-02-22,2025-02-23
149,premium,2024-08-15,2024-09-14,False,2024-08-15,2024-08-16
149,basic,2024-09-14,,True,2024-09-14,2024-09-15
150,premium,2025-02-02,,True,2025-02-02,2025-02-03
151,premium,2025-02-01,2025-03-03,False,2025-02-01,2025-02-02
151,basic,2025-03-03,,True,2025-03-03,2025-03-04
152,basic,2024-09-21,2024-10-21,False,2024-09-21,2024-09-22
152,premium,2024-10-21,,True,2024-10-21,2024-10-22
153,standard,2024-10-01,,True,2024-10-01,2024-10-02
154,basic,2024-07-20,,True,2024-07-20,2024-07-21
155,premium,2024-10-20,2024-11-19,False,2024-10-20,2024-10-21
155,premium,2024-11-19,,True,2024-11-19,2024-11-20
156,premium,2025-01-15,,True,2025-01-15,2025-01-16
157,premium,2025-04-05,2025-05-05,False,2025-04-05,2025-04-06
157,premium,2025-05-05,,True,2025-05-05,2025-05-06
158,standard,2024-11-08,2024-12-08,False,2024-11-08,2024-11-09
158,premium,2024-12-08,,True,2024-12-08,2024-12-09
159,premium,2024-09-29,2024-10-29,False,2024-09-29,2024-09-30
159,basic,2024-10-29,,True,2024-10-29,2024-10-30
160,basic,2024-08-21,,True,2024-08-21,2024-08-22
161,premium,2025-05-21,2025-06-20,False,2025-05-21,2025-05-22
161,standard,2025-06-20,,True,2025-06-20,2025-06-21
162,standard,2024-07-05,,True,2024-07-05,2024-07-06
163,premium,2025-01-16,2025-02-15,False,2025-01-16,2025-01-17
163,premium,2025-02-15,,True,2025-02-15,2025-02-16
164,basic,2025-03-05,2025-04-04,False,2025-03-05,2025-03-06
164,standard,2025-04-04,,True,2025-04-04,2025-04-05
165,basic,2025-03-26,2025-04-25,False,2025-03-26,2025-03-27
165,basic,2025-04-25,,True,2025-04-25,2025-04-26
166,standard,2024-09-01,,True,2024-09-01,2024-09-02
167,basic,2025-03-12,2025-04-11,False,2025-03-12,2025-03-13
167,standard,2025-04-11,,True,2025-04-11,2025-04-12
168,premium,2025-01-20,2025-02-19,False,2025-01-20,2025-01-21
168,standard,2025-02-19,,True,2025-02-19,2025-02-20
169,basic,2024-10-22,,True,2024-10-22,2024-10-23
170,standard,2025-01-30,,True,2025-01-30,2025-01-31
171,basic,2025-04-14,2025-05-14,False,2025-04-14,2025-04-15
171,basic,2025-05-14,,True,2025-05-14,2025-05-15
172,premium,2024-11-06,2024-12-06,False,2024-11-06,2024-11-07
172,premium,2024-12-06,,True,2024-12-06,2024-12-07
173,premium,2025-02-13,,True,2025-02-13,2025-02-14
174,basic,2024-09-03,2024-10-03,False,2024-09-03,2024-09-04
174,basic,2024-10-03,,True,2024-10-03,2024-10-04
175,basic,2024-07-22,2024-08-21,False,2024-07-22,2024-07-23
175,standard,2024-08-21,,True,2024-08-21,2024-08-22
176,basic,2025-05-31,,True,2025-05-31,2025-06-01
177,standard,2025-03-07,,True,2025-03-07,2025-03-08
178,premium,2025-02-22,,True,2025-02-22,2025-02-23
179,premium,2025-05-01,2025-05-31,False,2025-05-01,2025-05-02
179,basic,2025-05-31,,True,2025-05-31,2025-06-01
180,basic,2025-03-03,,True,2025-03-03,2025-03-04
181,basic,2025-03-06,2025-04-05,False,2025-03-06,2025-03-07
181,basic,2025-04-05,,True,2025-04-05,2025-04-06
182,premium,2025-03-11,,True,2025-03-11,2025-03-12
183,basic,2024-08-30,2024-09-29,False,2024-08-30,2024-08-31
183,premium,2024-09-29,,True,2024-09-29,2024-09-30
184,basic,2024-09-16,,True,2024-09-16,2024-09-17
185,premium,2025-04-26,2025-05-26,False,2025-04-26,2025-04-27
185,premium,2025-05-26,,True,2025-05-26,2025-05-27
186,basic,2024-08-27,2024-09-26,False,2024-08-27,2024-08-28
186,basic,2024-09-26,,True,2024-09-26,2024-09-27
187,standard,2024-08-21,,True,2024-08-21,2024-08-22
188,premium,2024-12-19,,True,2024-12-19,2024-12-20
189,premium,2025-04-04,2025-05-04,False,2025-04-04,2025-04-05
189,premium,2025-05-04,,True,2025-05-04,2025-05-05
190,basic,2025-01-03,,True,2025-01-03,2025-01-04
191,standard,2025-04-22,2025-05-22,False,2025-04-22,2025-04-23
191,standard,2025-05-22,,True,2025-05-22,2025-05-23
192,basic,2024-06-06,,True,2024-06-06,2024-06-07
193,standard,2024-10-24,,True,2024-10-24,2024-10-25
194,premium,2024-11-04,2024-12-04,False,2024-11-04,2024-11-05
194,premium,2024-12-04,,True,2024-12-04,2024-12-05
195,premium,2025-03-23,,True,2025-03-23,2025-03-24
196,premium,2024-08-23,2024-09-22,False,2024-08-23,2024-08-24
196,standard,2024-09-22,,True,2024-09-22,2024-09-23
197,basic,2024-10-24,2024-11-23,False,2024-10-24,2024-10-25
197,premium,2024-11-23,,True,2024-11-23,2024-11-24
198,basic,2024-10-29,,True,2024-10-29,2024-10-30
199,standard,2025-05-06,,True,2025-05-06,2025-05-07
200,standard,2025-05-01,,True,2025-05-01,2025-05-02
201,standard,2024-06-13,2024-07-13,False,2024-06-13,2024-06-14
201,standard,2024-07-13,,True,2024-07-13,2024-07-14
202,basic,2025-04-17,,True,2025-04-17,2025-04-18
203,standard,2024-10-20,,True,2024-10-20,2024-10-21
204,standard,2024-10-05,,True,2024-10-05,2024-10-06
205,basic,2025-03-06,2025-04-05,False,2025-03-06,2025-03-07
205,premium,2025-04-05,,True,2025-04-05,2025-04-06
206,basic,2025-04-05,,True,2025-04-05,2025-04-06
207,premium,2024-12-18,2025-01-17,False,2024-12-18,2024-12-19
207,premium,2025-01-17,,True,2025-01-17,2025-01-18
208,basic,2025-01-27,2025-02-26,False,2025-01-27,2025-01-28
208,premium,2025-02-26,,True,2025-02-26,2025-02-27
209,premium,2024-06-18,2024-07-18,False,2024-06-18,2024-06-19
209,premium,2024-07-18,,True,2024-07-18,2024-07-19
210,standard,2024-08-15,,True,2024-08-15,2024-08-16
211,premium,2024-08-30,2024-09-29,False,2024-08-30,2024-08-31
211,premium,2024-09-29,,True,2024-09-29,2024-09-30
212,premium,2024-12-27,2025-01-26,False,2024-12-27,2024-12-28
212,premium,2025-01-26,,True,2025-01-26,2025-01-27
213,standard,2024-09-05,,True,2024-09-05,2024-09-06
214,premium,2025-01-12,,True,2025-01-12,2025-01-13
215,basic,2025-03-15,2025-04-14,False,2025-03-15,2025-03-16
215,premium,2025-04-14,,True,2025-04-14,2025-04-15
216,standard,2024-07-13,,True,2024-07-13,2024-07-14
217,premium,2024-12-31,,True,2024-12-31,2025-01-01
218,basic,2024-10-27,2024-11-26,False,2024-10-27,2024-10-28
218,standard,2024-11-26,,True,2024-11-26,2024-11-27
219,basic,2025-01-06,2025-02-05,False,2025-01-06,2025-01-07
219,standard,2025-02-05,,True,2025-02-05,2025-02-06
220,basic,2024-07-11,,True,2024-07-11,2024-07-12
221,standard,2025-02-09,2025-03-11,False,2025-02-09,2025-02-10
221,premium,2025-03-11,,True,2025-03-11,2025-03-12
222,standard,2025-05-30,,True,2025-05-30,2025-05-31
223,standard,2024-12-15,2025-01-14,False,2024-12-15,2024-12-16
223,basic,2025-01-14,,True,2025-01-14,2025-01-15
224,premium,2024-12-06,2025-01-05,False,2024-12-06,2024-12-07
224,premium,2025-01-05,,True,2025-01-05,2025-01-06
225,basic,2024-11-04,2024-12-04,False,2024-11-04,2024-11-05
225,standard,2024-12-04,,True,2024-12-04,2024-12-05
226,premium,2025-05-21,,True,2025-05-21,2025-05-22
227,premium,2024-11-19,2024-12-19,False,2024-11-19,2024-11-20
227,premium,2024-12-19,,True,2024-12-19,2024-12-20
228,premium,2025-02-27,2025-03-29,False,2025-02-27,2025-02-28
228,standard,2025-03-29,,True,2025-03-29,2025-03-30
229,premium,2025-03-26,2025-04-25,False,2025-03-26,2025-03-27
229,basic,2025-04-25,,True,2025-04-25,2025-04-26
230,premium,2024-11-21,2024-12-21,False,2024-11-21,2024-11-22
230,standard,2024-12-21,,True,2024-12-21,2024-12-22
231,standard,2024-09-10,,True,2024-09-10,2024-09-11
232,premium,2025-05-12,2025-06-11,False,2025-05-12,2025-05-13
232,standard,2025-06-11,,True,2025-06-11,2025-06-12
233,basic,2024-09-01,,True,2024-09-01,2024-09-02
234,basic,2025-02-03,2025-03-05,False,2025-02-03,2025-02-04
234,basic,2025-03-05,,True,2025-03-05,2025-03-06
235,basic,2025-04-11,2025-05-11,False,2025-04-11,2025-04-12
235,standard,2025-05-11,,True,2025-05-11,2025-05-12
236,basic,2024-10-11,,True,2024-10-11,2024-10-12
237,premium,2025-04-22,2025-05-22,False,2025-04-22,2025-04-23
237,basic,2025-05-22,,True,2025-05-22,2025-05-23
238,standard,2024-12-24,2025-01-23,False,2024-12-24,2024-12-25
238,premium,2025-01-23,,True,2025-01-23,2025-01-24
239,basic,2024-07-05,,True,2024-07-05,2024-07-06
240,standard,2024-12-24,,True,2024-12-24,2024-12-25
241,premium,2025-01-26,2025-02-25,False,2025-01-26,2025-01-27
241,premium,2025-02-25,,True,2025-02-25,2025-02-26
242,premium,2024-06-10,,True,2024-06-10,2024-06-11
243,standard,2025-02-12,,True,2025-02-12,2025-02-13
244,standard,2024-10-17,,True,2024-10-17,2024-10-18
245,standard,2024-11-06,2024-12-06,False,2024-11-06,2024-11-07
245,basic,2024-12-06,,True,2024-12-06,2024-12-07
246,premium,2024-10-10,2024-11-09,False,2024-10-10,2024-10-11
246,premium,2024-11-09,,True,2024-11-09,2024-11-10
247,standard,2024-09-04,,True,2024-09-04,2024-09-05
248,premium,2024-09-27,,True,2024-09-27,2024-09-28
249,basic,2025-03-09,,True,2025-03-09,2025-03-10
250,basic,2025-03-01,2025-03-31,False,2025-03-01,2025-03-02
250,basic,2025-03-31,,True,2025-03-31,2025-04-01
251,premium,2025-05-27,,True,2025-05-27,2025-05-28
252,standard,2025-05-28,,True,2025-05-28,2025-05-29
253,basic,2024-08-26,,True,2024-08-26,2024-08-27
254,basic,2025-02-18,2025-03-20,False,2025-02-18,2025-02-19
254,basic,2025-03-20,,True,2025-03-20,2025-03-21
255,standard,2025-05-26,,True,2025-05-26,2025-05-27
256,basic,2025-05-15,2025-06-14,False,2025-05-15,2025-05-16
256,standard,2025-06-14,,True,2025-06-14,2025-06-15
257,basic,2024-11-30,,True,2024-11-30,2024-12-01
258,standard,2024-09-16,,True,2024-09-16,2024-09-17
259,premium,2024-08-10,2024-09-09,False,2024-08-10,2024-08-11
259,premium,2024-09-09,,True,2024-09-09,2024-09-10
260,standard,2025-04-15,,True,2025-04-15,2025-04-16
261,premium,2024-10-28,2024-11-27,False,2024-10-28,2024-10-29
261,basic,2024-11-27,,True,2024-11-27,2024-11-28
262,standard,2025-02-10,,True,2025-02-10,2025-02-11
263,standard,2024-12-26,2025-01-25,False,2024-12-26,2024-12-27
263,standard,2025-01-25,,True,2025-01-25,2025-01-26
264,standard,2024-09-02,,True,2024-09-02,2024-09-03
265,premium,2025-01-11,,True,2025-01-11,2025-01-12
266,standard,2025-03-14,,True,2025-03-14,2025-03-15
267,premium,2024-11-13,2024-12-13,False,2024-11-13,2024-11-14
267,basic,2024-12-13,,True,2024-12-13,2024-12-14
268,premium,2024-11-07,,True,2024-11-07,2024-11-08
269,standard,2025-01-13,2025-02-12,False,2025-01-13,2025-01-14
269,basic,2025-02-12,,True,2025-02-12,2025-02-13
270,standard,2025-03-10,2025-04-09,False,2025-03-10,2025-03-11
270,basic,2025-04-09,,True,2025-04-09,2025-04-10
271,premium,2025-01-31,2025-03-02,False,2025-01-31,2025-02-01
271,standard,2025-03-02,,True,2025-03-02,2025-03-03
272,premium,2024-12-23,,True,2024-12-23,2024-12-24
273,premium,2024-11-15,,True,2024-11-15,2024-11-16
274,premium,2024-06-15,2024-07-15,False,2024-06-15,2024-06-16
274,premium,2024-07-15,,True,2024-07-15,2024-07-16
275,premium,2025-02-16,,True,2025-02-16,2025-02-17
276,standard,2024-08-28,,True,2024-08-28,2024-08-29
277,premium,2025-01-18,2025-02-17,False,2025-01-18,2025-01-19
277,basic,2025-02-17,,True,2025-02-17,2025-02-18
278,standard,2024-08-15,,True,2024-08-15,2024-08-16
279,standard,2025-01-27,,True,2025-01-27,2025-01-28
280,standard,2024-07-26,2024-08-25,False,2024-07-26,2024-07-27
280,premium,2024-08-25,,True,2024-08-25,2024-08-26
281,basic,2024-09-24,,True,2024-09-24,2024-09-25
282,premium,2025-05-07,2025-06-06,False,2025-05-07,2025-05-08
282,basic,2025-06-06,,True,2025-06-06,2025-06-07
283,premium,2025-02-11,2025-03-13,False,2025-02-11,2025-02-12
283,standard,2025-03-13,,True,2025-03-13,2025-03-14
284,premium,2024-09-11,2024-10-11,False,2024-09-11,2024-09-12
284,standard,2024-10-11,,True,2024-10-11,2024-10-12
285,premium,2024-07-03,,True,2024-07-03,2024-07-04
286,premium,2025-02-27,2025-03-29,False,2025-02-27,2025-02-28
286,premium,2025-03-29,,True,2025-03-29,2025-03-30
287,standard,2024-07-07,2024-08-06,False,2024-07-07,2024-07-08
287,premium,2024-08-06,,True,2024-08-06,2024-08-07
288,premium,2024-12-31,2025-01-30,False,2024-12-31,2025-01-01
288,standard,2025-01-30,,True,2025-01-30,2025-01-31
289,standard,2025-03-10,,True,2025-03-10,2025-03-11
290,premium,2024-06-18,2024-07-18,False,2024-06-18,2024-06-19
290,standard,2024-07-18,,True,2024-07-18,2024-07-19
291,premium,2024-12-10,2025-01-09,False,2024-12-10,2024-12-11
291,basic,2025-01-09,,True,2025-01-09,2025-01-10
292,basic,2024-08-09,,True,2024-08-09,2024-08-10
293,premium,2025-03-29,,True,2025-03-29,2025-03-30
294,basic,2024-10-31,,True,2024-10-31,2024-11-01
295,standard,2025-04-13,2025-05-13,False,2025-04-13,2025-04-14
295,basic,2025-05-13,,True,2025-05-13,2025-05-14
296,premium,2024-12-02,2025-01-01,False,2024-12-02,2024-12-03
296,basic,2025-01-01,,True,2025-01-01,2025-01-02
297,basic,2025-03-28,2025-04-27,False,2025-03-28,2025-03-29
297,basic,2025-04-27,,True,2025-04-27,2025-04-28
298,basic,2024-07-06,2024-08-05,False,2024-07-06,2024-07-07
298,standard,2024-08-05,,True,2024-08-05,2024-08-06
299,basic,2025-05-25,,True,2025-05-25,2025-05-26
300,basic,2025-04-01,2025-05-01,False,2025-04-01,2025-04-02
300,standard,2025-05-01,,True,2025-05-01,2025-05-02
301,basic,2024-12-19,2025-01-18,False,2024-12-19,2024-12-20
301,standard,2025-01-18,,True,2025-01-18,2025-01-19
302,basic,2024-12-10,,True,2024-12-10,2024-12-11
303,standard,2025-01-18,2025-02-17,False,2025-01-18,2025-01-19
303,standard,2025-02-17,,True,2025-02-17,2025-02-18
304,standard,2024-09-09,,True,2024-09-09,2024-09-10
305,basic,2024-11-11,2024-12-11,False,2024-11-11,2024-11-12
305,basic,2024-12-11,,True,2024-12-11,2024-12-12
306,premium,2024-06-14,,True,2024-06-14,2024-06-15
307,basic,2024-08-30,2024-09-29,False,2024-08-30,2024-08-31
307,standard,2024-09-29,,True,2024-09-29,2024-09-30
308,basic,2024-06-09,2024-07-09,False,2024-06-09,2024-06-10
308,basic,2024-07-09,,True,2024-07-09,2024-07-10
309,standard,2025-06-02,2025-07-02,False,2025-06-02,2025-06-03
309,standard,2025-07-02,,True,2025-07-02,2025-07-03
310,premium,2025-05-16,2025-06-15,False,2025-05-16,2025-05-17
310,premium,2025-06-15,,True,2025-06-15,2025-06-16
311,standard,2024-12-03,2025-01-02,False,2024-12-03,2024-12-04
311,standard,2025-01-02,,True,2025-01-02,2025-01-03
312,basic,2025-02-17,2025-03-19,False,2025-02-17,2025-02-18
312,standard,2025-03-19,,True,2025-03-19,2025-03-20
313,standard,2025-05-28,2025-06-27,False,2025-05-28,2025-05-29
313,basic,2025-06-27,,True,2025-06-27,2025-06-28
314,standard,2024-07-26,,True,2024-07-26,2024-07-27
315,standard,2024-12-07,2025-01-06,False,2024-12-07,2024-12-08
315,standard,2025-01-06,,True,2025-01-06,2025-01-07
316,standard,2024-06-29,2024-07-29,False,2024-06-29,2024-06-30
316,standard,2024-07-29,,True,2024-07-29,2024-07-30
317,premium,2024-11-02,,True,2024-11-02,2024-11-03
318,standard,2024-09-09,2024-10-09,False,2024-09-09,2024-09-10
318,standard,2024-10-09,,True,2024-10-09,2024-10-10
319,basic,2024-09-21,,True,2024-09-21,2024-09-22
320,standard,2025-01-31,,True,2025-01-31,2025-02-01
321,basic,2024-12-18,,True,2024-12-18,2024-12-19
322,standard,2025-03-10,2025-04-09,False,2025-03-10,2025-03-11
322,standard,2025-04-09,,True,2025-04-09,2025-04-10
323,basic,2024-09-29,2024-10-29,False,2024-09-29,2024-09-30
323,premium,2024-10-29,,True,2024-10-29,2024-10-30
324,standard,2024-08-30,,True,2024-08-30,2024-08-31
325,premium,2025-03-14,2025-04-13,False,2025-03-14,2025-03-15
325,standard,2025-04-13,,True,2025-04-13,2025-04-14
326,basic,2024-11-24,,True,2024-11-24,2024-11-25
327,premium,2024-10-23,2024-11-22,False,2024-10-23,2024-10-24
327,standard,2024-11-22,,True,2024-11-22,2024-11-23
328,basic,2025-01-28,2025-02-27,False,2025-01-28,2025-01-29
328,basic,2025-02-27,,True,2025-02-27,2025-02-28
329,premium,2024-06-17,,True,2024-06-17,2024-06-18
330,basic,2024-10-03,2024-11-02,False,2024-10-03,2024-10-04
330,basic,2024-11-02,,True,2024-11-02,2024-11-03
331,basic,2024-11-12,,True,2024-11-12,2024-11-13
332,standard,2024-06-09,,True,2024-06-09,2024-06-10
333,standard,2025-01-29,,True,2025-01-29,2025-01-30
334,standard,2025-03-17,2025-04-16,False,2025-03-17,2025-03-18
334,premium,2025-04-16,,True,2025-04-16,2025-04-17
335,standard,2025-02-12,2025-03-14,False,2025-02-12,2025-02-13
335,standard,2025-03-14,,True,2025-03-14,2025-03-15
336,standard,2024-10-02,,True,2024-10-02,2024-10-03
337,standard,2024-10-21,,True,2024-10-21,2024-10-22
338,basic,2025-04-24,,True,2025-04-24,2025-04-25
339,basic,2024-06-17,,True,2024-06-17,2024-06-18
340,premium,2025-02-09,2025-03-11,False,2025-02-09,2025-02-10
340,basic,2025-03-11,,True,2025-03-11,2025-03-12
341,standard,2025-03-04,,True,2025-03-04,2025-03-05
342,premium,2025-03-09,2025-04-08,False,2025-03-09,2025-03-10
342,premium,2025-04-08,,True,2025-04-08,2025-04-09
343,basic,2024-11-13,2024-12-13,False,2024-11-13,2024-11-14
343,basic,2024-12-13,,True,2024-12-13,2024-12-14
344,basic,2024-06-14,,True,2024-06-14,2024-06-15
345,premium,2024-09-19,2024-10-19,False,2024-09-19,2024-09-20
345,premium,2024-10-19,,True,2024-10-19,2024-10-20
346,standard,2024-09-01,2024-10-01,False,2024-09-01,2024-09-02
346,premium,2024-10-01,,True,2024-10-01,2024-10-02
347,premium,2025-03-21,2025-04-20,False,2025-03-21,2025-03-22
347,basic,2025-04-20,,True,2025-04-20,2025-04-21
348,basic,2025-01-13,,True,2025-01-13,2025-01-14
349,premium,2024-08-31,,True,2024-08-31,2024-09-01
350,standard,2024-08-27,2024-09-26,False,2024-08-27,2024-08-28
350,basic,2024-09-26,,True,2024-09-26,2024-09-27
351,standard,2024-09-05,2024-10-05,False,2024-09-05,2024-09-06
351,basic,2024-10-05,,True,2024-10-05,2024-10-06
352,standard,2024-11-21,2024-12-21,False,2024-11-21,2024-11-22
352,basic,2024-12-21,,True,2024-12-21,2024-12-22
353,basic,2024-07-31,2024-08-30,False,2024-07-31,2024-08-01
353,basic,2024-08-30,,True,2024-08-30,2024-08-31
354,basic,2025-05-31,,True,2025-05-31,2025-06-01
355,basic,2024-11-06,,True,2024-11-06,2024-11-07
356,basic,2024-09-22,2024-10-22,False,2024-09-22,2024-09-23
356,premium,2024-10-22,,True,2024-10-22,2024-10-23
357,standard,2024-07-13,2024-08-12,False,2024-07-13,2024-07-14
357,basic,2024-08-12,,True,2024-08-12,2024-08-13
358,standard,2024-12-31,2025-01-30,False,2024-12-31,2025-01-01
358,premium,2025-01-30,,True,2025-01-30,2025-01-31
359,premium,2025-05-27,2025-06-26,False,2025-05-27,2025-05-28
359,basic,2025-06-26,,True,2025-06-26,2025-06-27
360,premium,2024-06-06,2024-07-06,False,2024-06-06,2024-06-07
360,standard,2024-07-06,,True,2024-07-06,2024-07-07
361,standard,2025-03-03,,True,2025-03-03,2025-03-04
362,premium,2025-03-03,2025-04-02,False,2025-03-03,2025-03-04
362,basic,2025-04-02,,True,2025-04-02,2025-04-03
363,basic,2024-09-16,2024-10-16,False,2024-09-16,2024-09-17
363,basic,2024-10-16,,True,2024-10-16,2024-10-17
364,premium,2025-03-24,,True,2025-03-24,2025-03-25
365,standard,2025-01-17,2025-02-16,False,2025-01-17,2025-01-18
365,standard,2025-02-16,,True,2025-02-16,2025-02-17
366,basic,2025-03-11,2025-04-10,False,2025-03-11,2025-03-12
366,basic,2025-04-10,,True,2025-04-10,2025-04-11
367,standard,2025-01-19,2025-02-18,False,2025-01-19,2025-01-20
367,standard,2025-02-18,,True,2025-02-18,2025-02-19
368,standard,2024-06-18,2024-07-18,False,2024-06-18,2024-06-19
368,premium,2024-07-18,,True,2024-07-18,2024-07-19
369,standard,2025-01-02,2025-02-01,False,2025-01-02,2025-01-03
369,premium,2025-02-01,,True,2025-02-01,2025-02-02
370,basic,2025-05-02,,True,2025-05-02,2025-05-03
371,basic,2024-08-07,,True,2024-08-07,2024-08-08
372,basic,2025-04-20,,True,2025-04-20,2025-04-21
373,premium,2025-05-04,,True,2025-05-04,2025-05-05
374,standard,2025-05-04,2025-06-03,False,2025-05-04,2025-05-05
374,premium,2025-06-03,,True,2025-06-03,2025-06-04
375,premium,2025-03-26,2025-04-25,False,2025-03-26,2025-03-27
375,premium,2025-04-25,,True,2025-04-25,2025-04-26
376,standard,2025-03-25,,True,2025-03-25,2025-03-26
377,standard,2024-07-25,2024-08-24,False,2024-07-25,2024-07-26
377,basic,2024-08-24,,True,2024-08-24,2024-08-25
378,premium,2025-02-24,,True,2025-02-24,2025-02-25
379,premium,2025-03-25,2025-04-24,False,2025-03-25,2025-03-26
379,premium,2025-04-24,,True,2025-04-24,2025-04-25
380,standard,2024-10-26,,True,2024-10-26,2024-10-27
381,basic,2024-11-17,,True,2024-11-17,2024-11-18
382,premium,2024-09-07,,True,2024-09-07,2024-09-08
383,premium,2025-05-14,2025-06-13,False,2025-05-14,2025-05-15
383,basic,2025-06-13,,True,2025-06-13,2025-06-14
384,standard,2024-11-23,,True,2024-11-23,2024-11-24
385,premium,2024-12-26,2025-01-25,False,2024-12-26,2024-12-27
385,basic,2025-01-25,,True,2025-01-25,2025-01-26
386,basic,2025-01-27,,True,2025-01-27,2025-01-28
387,basic,2025-05-02,2025-06-01,False,2025-05-02,2025-05-03
387,basic,2025-06-01,,True,2025-06-01,2025-06-02
388,standard,2024-07-16,2024-08-15,False,2024-07-16,2024-07-17
388,premium,2024-08-15,,True,2024-08-15,2024-08-16
389,basic,2024-09-23,,True,2024-09-23,2024-09-24
390,premium,2024-08-28,2024-09-27,False,2024-08-28,2024-08-29
390,basic,2024-09-27,,True,2024-09-27,2024-09-28
391,premium,2024-11-17,2024-12-17,False,2024-11-17,2024-11-18
391,premium,2024-12-17,,True,2024-12-17,2024-12-18
392,standard,2025-02-13,,True,2025-02-13,2025-02-14
393,standard,2025-03-02,,True,2025-03-02,2025-03-03
394,standard,2025-01-29,,True,2025-01-29,2025-01-30
395,basic,2024-10-31,,True,2024-10-31,2024-11-01
396,premium,2025-02-11,,True,2025-02-11,2025-02-12
397,premium,2025-05-17,,True,2025-05-17,2025-05-18
398,standard,2025-05-29,2025-06-28,False,2025-05-29,2025-05-30
398,standard,2025-06-28,,True,2025-06-28,2025-06-29
399,premium,2025-05-27,2025-06-26,False,2025-05-27,2025-05-28
399,basic,2025-06-26,,True,2025-06-26,2025-06-27
400,standard,2024-09-12,2024-10-12,False,2024-09-12,2024-09-13
400,basic,2024-10-12,,True,2024-10-12,2024-10-13
401,standard,2025-04-01,2025-05-01,False,2025-04-01,2025-04-02
401,standard,2025-05-01,,True,2025-05-01,2025-05-02
402,standard,2025-01-24,2025-02-23,False,2025-01-24,2025-01-25
402,standard,2025-02-23,,True,2025-02-23,2025-02-24
403,basic,2024-06-22,2024-07-22,False,2024-06-22,2024-06-23
403,premium,2024-07-22,,True,2024-07-22,2024-07-23
404,premium,2024-07-20,,True,2024-07-20,2024-07-21
405,premium,2025-04-03,2025-05-03,False,2025-04-03,2025-04-04
405,basic,2025-05-03,,True,2025-05-03,2025-05-04
406,premium,2024-08-22,2024-09-21,False,2024-08-22,2024-08-23
406,premium,2024-09-21,,True,2024-09-21,2024-09-22
407,standard,2025-03-14,,True,2025-03-14,2025-03-15
408,basic,2024-06-05,,True,2024-06-05,2024-06-06
409,basic,2025-05-31,2025-06-30,False,2025-05-31,2025-06-01
409,premium,2025-06-30,,True,2025-06-30,2025-07-01
410,basic,2024-08-06,,True,2024-08-06,2024-08-07
411,premium,2024-07-22,2024-08-21,False,2024-07-22,2024-07-23
411,premium,2024-08-21,,True,2024-08-21,2024-08-22
412,premium,2024-08-30,2024-09-29,False,2024-08-30,2024-08-31
412,premium,2024-09-29,,True,2024-09-29,2024-09-30
413,premium,2024-09-09,2024-10-09,False,2024-09-09,2024-09-10
413,premium,2024-10-09,,True,2024-10-09,2024-10-10
414,premium,2024-12-13,2025-01-12,False,2024-12-13,2024-12-14
414,premium,2025-01-12,,True,2025-01-12,2025-01-13
415,premium,2024-11-15,,True,2024-11-15,2024-11-16
416,standard,2024-07-13,,True,2024-07-13,2024-07-14
417,standard,2025-01-15,2025-02-14,False,2025-01-15,2025-01-16
417,premium,2025-02-14,,True,2025-02-14,2025-02-15
418,standard,2025-04-17,,True,2025-04-17,2025-04-18
419,standard,2025-01-25,,True,2025-01-25,2025-01-26
420,premium,2024-11-26,2024-12-26,False,2024-11-26,2024-11-27
420,basic,2024-12-26,,True,2024-12-26,2024-12-27
421,standard,2024-07-13,2024-08-12,False,2024-07-13,2024-07-14
421,basic,2024-08-12,,True,2024-08-12,2024-08-13
422,basic,2024-06-30,,True,2024-06-30,2024-07-01
423,premium,2024-07-28,2024-08-27,False,2024-07-28,2024-07-29
423,standard,2024-08-27,,True,2024-08-27,2024-08-28
424,standard,2025-01-21,,True,2025-01-21,2025-01-22
425,basic,2024-10-21,,True,2024-10-21,2024-10-22
426,premium,2024-11-17,,True,2024-11-17,2024-11-18
427,basic,2025-03-21,2025-04-20,False,2025-03-21,2025-03-22
427,premium,2025-04-20,,True,2025-04-20,2025-04-21
428,basic,2025-01-28,,True,2025-01-28,2025-01-29
429,basic,2025-04-16,,True,2025-04-16,2025-04-17
430,premium,2024-08-26,,True,2024-08-26,2024-08-27
431,basic,2024-10-27,2024-11-26,False,2024-10-27,2024-10-28
431,standard,2024-11-26,,True,2024-11-26,2024-11-27
432,premium,2024-11-07,,True,2024-11-07,2024-11-08
433,basic,2025-05-19,,True,2025-05-19,2025-05-20
434,premium,2024-06-28,,True,2024-06-28,2024-06-29
435,basic,2024-11-09,,True,2024-11-09,2024-11-10
436,basic,2025-03-28,,True,2025-03-28,2025-03-29
437,basic,2025-05-20,,True,2025-05-20,2025-05-21
438,basic,2024-07-18,,True,2024-07-18,2024-07-19
439,basic,2025-05-14,,True,2025-05-14,2025-05-15
440,basic,2025-02-22,,True,2025-02-22,2025-02-23
441,premium,2024-10-10,,True,2024-10-10,2024-10-11
442,standard,2024-07-30,2024-08-29,False,2024-07-30,2024-07-31
442,standard,2024-08-29,,True,2024-08-29,2024-08-30
443,basic,2024-07-13,2024-08-12,False,2024-07-13,2024-07-14
443,basic,2024-08-12,,True,2024-08-12,2024-08-13
444,premium,2024-07-16,,True,2024-07-16,2024-07-17
445,premium,2025-03-26,2025-04-25,False,2025-03-26,2025-03-27
445,standard,2025-04-25,,True,2025-04-25,2025-04-26
446,basic,2025-03-11,,True,2025-03-11,2025-03-12
447,standard,2025-01-25,,True,2025-01-25,2025-01-26
448,standard,2025-01-30,,True,2025-01-30,2025-01-31
449,basic,2024-08-09,2024-09-08,False,2024-08-09,2024-08-10
449,standard,2024-09-08,,True,2024-09-08,2024-09-09
450,premium,2025-05-07,,True,2025-05-07,2025-05-08
451,premium,2025-04-18,,True,2025-04-18,2025-04-19
452,standard,2024-06-29,2024-07-29,False,2024-06-29,2024-06-30
452,premium,2024-07-29,,True,2024-07-29,2024-07-30
453,premium,2024-06-15,,True,2024-06-15,2024-06-16
454,premium,2024-10-19,,True,2024-10-19,2024-10-20
455,standard,2024-10-17,,True,2024-10-17,2024-10-18
456,standard,2025-05-14,2025-06-13,False,2025-05-14,2025-05-15
456,premium,2025-06-13,,True,2025-06-13,2025-06-14
457,basic,2024-06-23,,True,2024-06-23,2024-06-24
458,standard,2024-06-22,2024-07-22,False,2024-06-22,2024-06-23
458,standard,2024-07-22,,True,2024-07-22,2024-07-23
459,premium,2025-02-01,2025-03-03,False,2025-02-01,2025-02-02
459,basic,2025-03-03,,True,2025-03-03,2025-03-04
460,basic,2024-11-02,,True,2024-11-02,2024-11-03
461,premium,2024-07-15,,True,2024-07-15,2024-07-16
462,standard,2025-02-07,,True,2025-02-07,2025-02-08
463,basic,2025-02-03,2025-03-05,False,2025-02-03,2025-02-04
463,basic,2025-03-05,,True,2025-03-05,2025-03-06
464,standard,2025-05-30,2025-06-29,False,2025-05-30,2025-05-31
464,standard,2025-06-29,,True,2025-06-29,2025-06-30
465,standard,2024-09-22,2024-10-22,False,2024-09-22,2024-09-23
465,basic,2024-10-22,,True,2024-10-22,2024-10-23
466,basic,2025-03-10,2025-04-09,False,2025-03-10,2025-03-11
466,premium,2025-04-09,,True,2025-04-09,2025-04-10
467,standard,2024-06-06,,True,2024-06-06,2024-06-07
468,premium,2024-07-21,2024-08-20,False,2024-07-21,2024-07-22
468,standard,2024-08-20,,True,2024-08-20,2024-08-21
469,standard,2024-12-04,2025-01-03,False,2024-12-04,2024-12-05
469,basic,2025-01-03,,True,2025-01-03,2025-01-04
470,basic,2024-10-11,,True,2024-10-11,2024-10-12
471,standard,2024-06-19,2024-07-19,False,2024-06-19,2024-06-20
471,standard,2024-07-19,,True,2024-07-19,2024-07-20
472,premium,2024-07-02,,True,2024-07-02,2024-07-03
473,premium,2024-12-30,,True,2024-12-30,2024-12-31
474,standard,2024-09-17,,True,2024-09-17,2024-09-18
475,standard,2024-09-30,,True,2024-09-30,2024-10-01
476,basic,2024-11-19,2024-12-19,False,2024-11-19,2024-11-20
476,standard,2024-12-19,,True,2024-12-19,2024-12-20
477,premium,2024-07-06,2024-08-05,False,2024-07-06,2024-07-07
477,standard,2024-08-05,,True,2024-08-05,2024-08-06
478,premium,2024-11-10,,True,2024-11-10,2024-11-11
479,standard,2024-10-26,,True,2024-10-26,2024-10-27
480,standard,2024-08-24,,True,2024-08-24,2024-08-25
481,premium,2024-12-07,2025-01-06,False,2024-12-07,2024-12-08
481,basic,2025-01-06,,True,2025-01-06,2025-01-07
482,premium,2024-08-13,2024-09-12,False,2024-08-13,2024-08-14
482,basic,2024-09-12,,True,2024-09-12,2024-09-13
483,premium,2025-02-25,2025-03-27,False,2025-02-25,2025-02-26
483,premium,2025-03-27,,True,2025-03-27,2025-03-28
484,basic,2024-07-28,2024-08-27,False,2024-07-28,2024-07-29
484,standard,2024-08-27,,True,2024-08-27,2024-08-28
485,basic,2024-08-15,2024-09-14,False,2024-08-15,2024-08-16
485,premium,2024-09-14,,True,2024-09-14,2024-09-15
486,premium,2025-03-08,,True,2025-03-08,2025-03-09
487,premium,2025-03-13,2025-04-12,False,2025-03-13,2025-03-14
487,premium,2025-04-12,,True,2025-04-12,2025-04-13
488,standard,2024-12-27,,True,2024-12-27,2024-12-28
489,premium,2025-05-08,2025-06-07,False,2025-05-08,2025-05-09
489,basic,2025-06-07,,True,2025-06-07,2025-06-08
490,basic,2025-05-31,2025-06-30,False,2025-05-31,2025-06-01
490,standard,2025-06-30,,True,2025-06-30,2025-07-01
491,basic,2025-01-19,2025-02-18,False,2025-01-19,2025-01-20
491,standard,2025-02-18,,True,2025-02-18,2025-02-19
492,basic,2024-11-22,2024-12-22,False,2024-11-22,2024-11-23
492,premium,2024-12-22,,True,2024-12-22,2024-12-23
493,standard,2024-09-12,2024-10-12,False,2024-09-12,2024-09-13
493,basic,2024-10-12,,True,2024-10-12,2024-10-13
494,basic,2024-07-01,,True,2024-07-01,2024-07-02
495,basic,2024-06-24,,True,2024-06-24,2024-06-25
496,standard,2025-01-25,,True,2025-01-25,2025-01-26
497,standard,2025-01-07,2025-02-06,False,2025-01-07,2025-01-08
497,premium,2025-02-06,,True,2025-02-06,2025-02-07
498,standard,2024-12-23,,True,2024-12-23,2024-12-24
499,standard,2024-06-19,,True,2024-06-19,2024-06-20
500,premium,2025-01-28,,True,2025-01-28,2025-01-29
501,premium,2024-12-04,,True,2024-12-04,2024-12-05
502,basic,2025-03-27,2025-04-26,False,2025-03-27,2025-03-28
502,basic,2025-04-26,,True,2025-04-26,2025-04-27
503,standard,2025-02-20,2025-03-22,False,2025-02-20,2025-02-21
503,standard,2025-03-22,,True,2025-03-22,2025-03-23
504,basic,2024-06-18,2024-07-18,False,2024-06-18,2024-06-19
504,standard,2024-07-18,,True,2024-07-18,2024-07-19
505,standard,2024-11-11,2024-12-11,False,2024-11-11,2024-11-12
505,standard,2024-12-11,,True,2024-12-11,2024-12-12
506,premium,2024-10-15,,True,2024-10-15,2024-10-16
507,standard,2024-10-31,,True,2024-10-31,2024-11-01
508,standard,2024-06-23,2024-07-23,False,2024-06-23,2024-06-24
508,premium,2024-07-23,,True,2024-07-23,2024-07-24
509,basic,2024-06-28,,True,2024-06-28,2024-06-29
510,premium,2024-10-23,,True,2024-10-23,2024-10-24
511,standard,2025-01-30,,True,2025-01-30,2025-01-31
512,premium,2024-07-29,,True,2024-07-29,2024-07-30
513,basic,2024-07-25,2024-08-24,False,2024-07-25,2024-07-26
513,standard,2024-08-24,,True,2024-08-24,2024-08-25
514,basic,2025-01-30,2025-03-01,False,2025-01-30,2025-01-31
514,basic,2025-03-01,,True,2025-03-01,2025-03-02
515,premium,2025-01-07,,True,2025-01-07,2025-01-08
516,standard,2024-12-25,2025-01-24,False,2024-12-25,2024-12-26
516,premium,2025-01-24,,True,2025-01-24,2025-01-25
517,standard,2025-03-28,,True,2025-03-28,2025-03-29
518,premium,2025-05-16,,True,2025-05-16,2025-05-17
519,premium,2024-07-08,2024-08-07,False,2024-07-08,2024-07-09
519,premium,2024-08-07,,True,2024-08-07,2024-08-08
520,standard,2024-10-14,2024-11-13,False,2024-10-14,2024-10-15
520,basic,2024-11-13,,True,2024-11-13,2024-11-14
521,premium,2025-05-18,,True,2025-05-18,2025-05-19
522,premium,2024-11-28,2024-12-28,False,2024-11-28,2024-11-29
522,standard,2024-12-28,,True,2024-12-28,2024-12-29
523,standard,2024-07-30,2024-08-29,False,2024-07-30,2024-07-31
523,basic,2024-08-29,,True,2024-08-29,2024-08-30
524,standard,2024-07-11,2024-08-10,False,2024-07-11,2024-07-12
524,premium,2024-08-10,,True,2024-08-10,2024-08-11
525,basic,2025-03-01,,True,2025-03-01,2025-03-02
526,basic,2024-10-05,,True,2024-10-05,2024-10-06
527,standard,2025-01-08,2025-02-07,False,2025-01-08,2025-01-09
527,basic,2025-02-07,,True,2025-02-07,2025-02-08
528,premium,2025-04-04,,True,2025-04-04,2025-04-05
529,basic,2025-04-30,,True,2025-04-30,2025-05-01
530,basic,2024-11-01,2024-12-01,False,2024-11-01,2024-11-02
530,premium,2024-12-01,,True,2024-12-01,2024-12-02
531,standard,2025-05-24,2025-06-23,False,2025-05-24,2025-05-25
531,standard,2025-06-23,,True,2025-06-23,2025-06-24
532,standard,2025-03-04,,True,2025-03-04,2025-03-05
533,basic,2024-08-30,,True,2024-08-30,2024-08-31
534,standard,2025-04-30,,True,2025-04-30,2025-05-01
535,basic,2025-05-16,2025-06-15,False,2025-05-16,2025-05-17
535,premium,2025-06-15,,True,2025-06-15,2025-06-16
536,premium,2024-09-15,,True,2024-09-15,2024-09-16
537,premium,2024-11-04,2024-12-04,False,2024-11-04,2024-11-05
537,standard,2024-12-04,,True,2024-12-04,2024-12-05
538,basic,2025-03-24,,True,2025-03-24,2025-03-25
539,standard,2024-06-23,,True,2024-06-23,2024-06-24
540,basic,2024-12-23,,True,2024-12-23,2024-12-24
541,premium,2024-12-09,2025-01-08,False,2024-12-09,2024-12-10
541,standard,2025-01-08,,True,2025-01-08,2025-01-09
542,basic,2025-03-10,,True,2025-03-10,2025-03-11
543,standard,2024-12-08,,True,2024-12-08,2024-12-09
544,standard,2025-05-16,,True,2025-05-16,2025-05-17
545,basic,2025-04-23,2025-05-23,False,2025-04-23,2025-04-24
545,standard,2025-05-23,,True,2025-05-23,2025-05-24
546,basic,2024-06-23,,True,2024-06-23,2024-06-24
547,premium,2024-10-23,2024-11-22,False,2024-10-23,2024-10-24
547,premium,2024-11-22,,True,2024-11-22,2024-11-23
548,basic,2024-06-14,,True,2024-06-14,2024-06-15
549,premium,2025-02-20,,True,2025-02-20,2025-02-21
550,basic,2024-07-24,2024-08-23,False,2024-07-24,2024-07-25
550,premium,2024-08-23,,True,2024-08-23,2024-08-24
551,standard,2024-11-23,,True,2024-11-23,2024-11-24
552,premium,2025-02-17,,True,2025-02-17,2025-02-18
553,standard,2025-05-01,,True,2025-05-01,2025-05-02
554,standard,2025-04-05,,True,2025-04-05,2025-04-06
555,premium,2025-01-12,,True,2025-01-12,2025-01-13
556,premium,2024-09-17,,True,2024-09-17,2024-09-18
557,basic,2024-08-30,2024-09-29,False,2024-08-30,2024-08-31
557,standard,2024-09-29,,True,2024-09-29,2024-09-30
558,premium,2024-11-18,,True,2024-11-18,2024-11-19
559,basic,2024-12-03,,True,2024-12-03,2024-12-04
560,basic,2024-12-09,,True,2024-12-09,2024-12-10
561,basic,2024-09-18,2024-10-18,False,2024-09-18,2024-09-19
561,standard,2024-10-18,,True,2024-10-18,2024-10-19
562,premium,2024-08-31,2024-09-30,False,2024-08-31,2024-09-01
562,basic,2024-09-30,,True,2024-09-30,2024-10-01
563,standard,2025-02-03,,True,2025-02-03,2025-02-04
564,premium,2024-06-28,2024-07-28,False,2024-06-28,2024-06-29
564,premium,2024-07-28,,True,2024-07-28,2024-07-29
565,premium,2025-03-18,,True,2025-03-18,2025-03-19
566,premium,2024-10-24,2024-11-23,False,2024-10-24,2024-10-25
566,premium,2024-11-23,,True,2024-11-23,2024-11-24
567,premium,2024-10-23,2024-11-22,False,2024-10-23,2024-10-24
567,standard,2024-11-22,,True,2024-11-22,2024-11-23
568,premium,2024-06-09,,True,2024-06-09,2024-06-10
569,premium,2024-08-31,,True,2024-08-31,2024-09-01
570,standard,2025-03-13,2025-04-12,False,2025-03-13,2025-03-14
570,premium,2025-04-12,,True,2025-04-12,2025-04-13
571,standard,2024-07-22,,True,2024-07-22,2024-07-23
572,basic,2025-03-28,2025-04-27,False,2025-03-28,2025-03-29
572,premium,2025-04-27,,True,2025-04-27,2025-04-28
573,standard,2025-02-09,2025-03-11,False,2025-02-09,2025-02-10
573,standard,2025-03-11,,True,2025-03-11,2025-03-12
574,standard,2024-08-09,,True,2024-08-09,2024-08-10
575,premium,2025-03-15,,True,2025-03-15,2025-03-16
576,standard,2024-08-16,,True,2024-08-16,2024-08-17
577,standard,2024-06-19,,True,2024-06-19,2024-06-20
578,basic,2024-10-27,,True,2024-10-27,2024-10-28
579,basic,2024-09-04,,True,2024-09-04,2024-09-05
580,standard,2024-09-16,2024-10-16,False,2024-09-16,2024-09-17
580,basic,2024-10-16,,True,2024-10-16,2024-10-17
581,standard,2025-04-16,,True,2025-04-16,2025-04-17
582,basic,2025-03-23,2025-04-22,False,2025-03-23,2025-03-24
582,premium,2025-04-22,,True,2025-04-22,2025-04-23
583,basic,2025-03-03,,True,2025-03-03,2025-03-04
584,standard,2024-10-06,2024-11-05,False,2024-10-06,2024-10-07
584,basic,2024-11-05,,True,2024-11-05,2024-11-06
585,standard,2024-12-03,2025-01-02,False,2024-12-03,2024-12-04
585,standard,2025-01-02,,True,2025-01-02,2025-01-03
586,standard,2024-09-09,,True,2024-09-09,2024-09-10
587,standard,2024-07-02,,True,2024-07-02,2024-07-03
588,standard,2024-08-09,,True,2024-08-09,2024-08-10
589,premium,2024-07-03,2024-08-02,False,2024-07-03,2024-07-04
589,standard,2024-08-02,,True,2024-08-02,2024-08-03
590,premium,2024-11-14,,True,2024-11-14,2024-11-15
591,standard,2025-02-11,2025-03-13,False,2025-02-11,2025-02-12
591,basic,2025-03-13,,True,2025-03-13,2025-03-14
592,premium,2025-02-25,,True,2025-02-25,2025-02-26
593,standard,2025-06-04,2025-07-04,False,2025-06-04,2025-06-05
593,premium,2025-07-04,,True,2025-07-04,2025-07-05
594,premium,2025-03-20,,True,2025-03-20,2025-03-21
595,basic,2025-01-23,2025-02-22,False,2025-01-23,2025-01-24
595,standard,2025-02-22,,True,2025-02-22,2025-02-23
596,standard,2025-03-05,,True,2025-03-05,2025-03-06
597,standard,2024-07-26,2024-08-25,False,2024-07-26,2024-07-27
597,basic,2024-08-25,,True,2024-08-25,2024-08-26
598,standard,2024-11-11,,True,2024-11-11,2024-11-12
599,basic,2025-03-15,2025-04-14,False,2025-03-15,2025-03-16
599,standard,2025-04-14,,True,2025-04-14,2025-04-15
600,standard,2025-05-17,2025-06-16,False,2025-05-17,2025-05-18
600,premium,2025-06-16,,True,2025-06-16,2025-06-17
601,standard,2025-02-07,,True,2025-02-07,2025-02-08
602,standard,2024-11-13,2024-12-13,False,2024-11-13,2024-11-14
602,premium,2024-12-13,,True,2024-12-13,2024-12-14
603,standard,2024-12-14,2025-01-13,False,2024-12-14,2024-12-15
603,basic,2025-01-13,,True,2025-01-13,2025-01-14
604,standard,2024-09-14,2024-10-14,False,2024-09-14,2024-09-15
604,basic,2024-10-14,,True,2024-10-14,2024-10-15
605,premium,2024-08-11,,True,2024-08-11,2024-08-12
606,premium,2024-12-26,,True,2024-12-26,2024-12-27
607,premium,2025-02-16,,True,2025-02-16,2025-02-17
608,premium,2024-09-16,,True,2024-09-16,2024-09-17
609,standard,2024-08-16,2024-09-15,False,2024-08-16,2024-08-17
609,basic,2024-09-15,,True,2024-09-15,2024-09-16
610,standard,2024-11-16,,True,2024-11-16,2024-11-17
611,premium,2025-06-03,2025-07-03,False,2025-06-03,2025-06-04
611,basic,2025-07-03,,True,2025-07-03,2025-07-04
612,basic,2025-04-09,,True,2025-04-09,2025-04-10
613,basic,2025-02-18,,True,2025-02-18,2025-02-19
614,standard,2025-04-26,,True,2025-04-26,2025-04-27
615,basic,2025-02-18,2025-03-20,False,2025-02-18,2025-02-19
615,premium,2025-03-20,,True,2025-03-20,2025-03-21
616,basic,2025-03-21,,True,2025-03-21,2025-03-22
617,standard,2025-05-30,2025-06-29,False,2025-05-30,2025-05-31
617,premium,2025-06-29,,True,2025-06-29,2025-06-30
618,premium,2025-03-20,2025-04-19,False,2025-03-20,2025-03-21
618,standard,2025-04-19,,True,2025-04-19,2025-04-20
619,premium,2024-12-30,,True,2024-12-30,2024-12-31
620,basic,2024-12-22,,True,2024-12-22,2024-12-23
621,standard,2024-06-28,,True,2024-06-28,2024-06-29
622,basic,2025-02-22,2025-03-24,False,2025-02-22,2025-02-23
622,standard,2025-03-24,,True,2025-03-24,2025-03-25
623,premium,2024-10-31,2024-11-30,False,2024-10-31,2024-11-01
623,basic,2024-11-30,,True,2024-11-30,2024-12-01
624,basic,2025-05-25,,True,2025-05-25,2025-05-26
625,premium,2024-11-21,,True,2024-11-21,2024-11-22
626,basic,2025-04-21,,True,2025-04-21,2025-04-22
627,standard,2025-01-05,2025-02-04,False,2025-01-05,2025-01-06
627,premium,2025-02-04,,True,2025-02-04,2025-02-05
628,basic,2024-11-09,2024-12-09,False,2024-11-09,2024-11-10
628,basic,2024-12-09,,True,2024-12-09,2024-12-10
629,standard,2025-04-04,,True,2025-04-04,2025-04-05
630,basic,2024-08-03,,True,2024-08-03,2024-08-04
631,basic,2024-08-25,2024-09-24,False,2024-08-25,2024-08-26
631,standard,2024-09-24,,True,2024-09-24,2024-09-25
632,premium,2025-04-27,,True,2025-04-27,2025-04-28
633,standard,2024-08-14,,True,2024-08-14,2024-08-15
634,standard,2024-07-19,2024-08-18,False,2024-07-19,2024-07-20
634,premium,2024-08-18,,True,2024-08-18,2024-08-19
635,basic,2024-07-08,2024-08-07,False,2024-07-08,2024-07-09
635,standard,2024-08-07,,True,2024-08-07,2024-08-08
636,basic,2025-05-14,2025-06-13,False,2025-05-14,2025-05-15
636,standard,2025-06-13,,True,2025-06-13,2025-06-14
637,standard,2025-01-18,,True,2025-01-18,2025-01-19
638,basic,2025-04-08,,True,2025-04-08,2025-04-09
639,premium,2025-04-16,2025-05-16,False,2025-04-16,2025-04-17
639,premium,2025-05-16,,True,2025-05-16,2025-05-17
640,standard,2025-01-24,,True,2025-01-24,2025-01-25
641,premium,2024-08-20,2024-09-19,False,2024-08-20,2024-08-21
641,basic,2024-09-19,,True,2024-09-19,2024-09-20
642,premium,2025-01-23,,True,2025-01-23,2025-01-24
643,basic,2024-12-20,,True,2024-12-20,2024-12-21
644,standard,2024-11-27,,True,2024-11-27,2024-11-28
645,premium,2024-10-30,2024-11-29,False,2024-10-30,2024-10-31
645,premium,2024-11-29,,True,2024-11-29,2024-11-30
646,standard,2024-06-25,,True,2024-06-25,2024-06-26
647,basic,2024-11-20,,True,2024-11-20,2024-11-21
648,basic,2024-09-26,,True,2024-09-26,2024-09-27
649,standard,2025-05-31,2025-06-30,False,2025-05-31,2025-06-01
649,basic,2025-06-30,,True,2025-06-30,2025-07-01
650,basic,2024-07-21,,True,2024-07-21,2024-07-22
651,basic,2024-07-12,2024-08-11,False,2024-07-12,2024-07-13
651,premium,2024-08-11,,True,2024-08-11,2024-08-12
652,basic,2024-09-09,2024-10-09,False,2024-09-09,2024-09-10
652,basic,2024-10-09,,True,2024-10-09,2024-10-10
653,premium,2024-06-22,2024-07-22,False,2024-06-22,2024-06-23
653,premium,2024-07-22,,True,2024-07-22,2024-07-23
654,basic,2025-01-15,,True,2025-01-15,2025-01-16
655,premium,2025-04-30,2025-05-30,False,2025-04-30,2025-05-01
655,premium,2025-05-30,,True,2025-05-30,2025-05-31
656,premium,2025-01-01,,True,2025-01-01,2025-01-02
657,standard,2024-08-01,2024-08-31,False,2024-08-01,2024-08-02
657,basic,2024-08-31,,True,2024-08-31,2024-09-01
658,premium,2025-04-21,2025-05-21,False,2025-04-21,2025-04-22
658,premium,2025-05-21,,True,2025-05-21,2025-05-22
659,basic,2025-05-15,2025-06-14,False,2025-05-15,2025-05-16
659,basic,2025-06-14,,True,2025-06-14,2025-06-15
660,standard,2024-08-31,2024-09-30,False,2024-08-31,2024-09-01
660,basic,2024-09-30,,True,2024-09-30,2024-10-01
661,basic,2024-06-22,,True,2024-06-22,2024-06-23
662,standard,2025-04-08,2025-05-08,False,2025-04-08,2025-04-09
662,premium,2025-05-08,,True,2025-05-08,2025-05-09
663,premium,2024-12-17,,True,2024-12-17,2024-12-18
664,standard,2024-07-23,,True,2024-07-23,2024-07-24
665,premium,2025-03-10,2025-04-09,False,2025-03-10,2025-03-11
665,basic,2025-04-09,,True,2025-04-09,2025-04-10
666,premium,2024-06-22,,True,2024-06-22,2024-06-23
667,premium,2024-12-23,2025-01-22,False,2024-12-23,2024-12-24
667,standard,2025-01-22,,True,2025-01-22,2025-01-23
668,standard,2024-11-15,2024-12-15,False,2024-11-15,2024-11-16
668,basic,2024-12-15,,True,2024-12-15,2024-12-16
669,standard,2025-06-01,,True,2025-06-01,2025-06-02
670,premium,2024-07-21,2024-08-20,False,2024-07-21,2024-07-22
670,premium,2024-08-20,,True,2024-08-20,2024-08-21
671,premium,2025-03-21,,True,2025-03-21,2025-03-22
672,premium,2024-10-15,,True,2024-10-15,2024-10-16
673,premium,2024-12-07,,True,2024-12-07,2024-12-08
674,standard,2024-06-18,2024-07-18,False,2024-06-18,2024-06-19
674,premium,2024-07-18,,True,2024-07-18,2024-07-19
675,basic,2024-11-24,2024-12-24,False,2024-11-24,2024-11-25
675,basic,2024-12-24,,True,2024-12-24,2024-12-25
676,standard,2025-04-26,,True,2025-04-26,2025-04-27
677,standard,2025-01-14,2025-02-13,False,2025-01-14,2025-01-15
677,standard,2025-02-13,,True,2025-02-13,2025-02-14
678,standard,2025-01-15,,True,2025-01-15,2025-01-16
679,basic,2024-10-05,2024-11-04,False,2024-10-05,2024-10-06
679,basic,2024-11-04,,True,2024-11-04,2024-11-05
680,premium,2024-11-30,,True,2024-11-30,2024-12-01
681,basic,2025-03-29,2025-04-28,False,2025-03-29,2025-03-30
681,basic,2025-04-28,,True,2025-04-28,2025-04-29
682,basic,2024-07-14,2024-08-13,False,2024-07-14,2024-07-15
682,standard,2024-08-13,,True,2024-08-13,2024-08-14
683,standard,2025-03-22,2025-04-21,False,2025-03-22,2025-03-23
683,basic,2025-04-21,,True,2025-04-21,2025-04-22
684,basic,2025-01-20,2025-02-19,False,2025-01-20,2025-01-21
684,standard,2025-02-19,,True,2025-02-19,2025-02-20
685,standard,2025-05-23,,True,2025-05-23,2025-05-24
686,basic,2025-01-01,2025-01-31,False,2025-01-01,2025-01-02
686,premium,2025-01-31,,True,2025-01-31,2025-02-01
687,premium,2025-01-03,,True,2025-01-03,2025-01-04
688,premium,2025-02-22,,True,2025-02-22,2025-02-23
689,basic,2024-07-28,,True,2024-07-28,2024-07-29
690,standard,2024-12-30,,True,2024-12-30,2024-12-31
691,basic,2024-06-10,2024-07-10,False,2024-06-10,2024-06-11
691,basic,2024-07-10,,True,2024-07-10,2024-07-11
692,premium,2024-11-02,,True,2024-11-02,2024-11-03
693,premium,2025-03-14,,True,2025-03-14,2025-03-15
694,premium,2025-04-10,,True,2025-04-10,2025-04-11
695,premium,2024-07-24,2024-08-23,False,2024-07-24,2024-07-25
695,basic,2024-08-23,,True,2024-08-23,2024-08-24
696,basic,2025-06-04,2025-07-04,False,2025-06-04,2025-06-05
696,basic,2025-07-04,,True,2025-07-04,2025-07-05
697,premium,2024-09-26,2024-10-26,False,2024-09-26,2024-09-27
697,standard,2024-10-26,,True,2024-10-26,2024-10-27
698,basic,2024-12-16,,True,2024-12-16,2024-12-17
699,basic,2025-03-13,,True,2025-03-13,2025-03-14
700,standard,2025-03-25,,True,2025-03-25,2025-03-26
701,standard,2024-08-13,2024-09-12,False,2024-08-13,2024-08-14
701,basic,2024-09-12,,True,2024-09-12,2024-09-13
702,premium,2024-09-21,,True,2024-09-21,2024-09-22
703,standard,2024-09-20,,True,2024-09-20,2024-09-21
704,standard,2025-02-11,2025-03-13,False,2025-02-11,2025-02-12
704,standard,2025-03-13,,True,2025-03-13,2025-03-14
705,standard,2024-10-09,2024-11-08,False,2024-10-09,2024-10-10
705,premium,2024-11-08,,True,2024-11-08,2024-11-09
706,basic,2025-02-23,,True,2025-02-23,2025-02-24
707,premium,2025-02-06,,True,2025-02-06,2025-02-07
708,standard,2024-10-26,2024-11-25,False,2024-10-26,2024-10-27
708,basic,2024-11-25,,True,2024-11-25,2024-11-26
709,basic,2025-03-25,2025-04-24,False,2025-03-25,2025-03-26
709,basic,2025-04-24,,True,2025-04-24,2025-04-25
710,standard,2025-05-19,,True,2025-05-19,2025-05-20
711,basic,2024-11-12,,True,2024-11-12,2024-11-13
712,standard,2024-08-21,,True,2024-08-21,2024-08-22
713,standard,2025-05-11,2025-06-10,False,2025-05-11,2025-05-12
713,premium,2025-06-10,,True,2025-06-10,2025-06-11
714,basic,2024-07-13,,True,2024-07-13,2024-07-14
715,standard,2024-08-31,2024-09-30,False,2024-08-31,2024-09-01
715,standard,2024-09-30,,True,2024-09-30,2024-10-01
716,premium,2024-08-25,,True,2024-08-25,2024-08-26
717,basic,2024-11-02,,True,2024-11-02,2024-11-03
718,basic,2025-02-08,2025-03-10,False,2025-02-08,2025-02-09
718,basic,2025-03-10,,True,2025-03-10,2025-03-11
719,basic,2024-12-22,2025-01-21,False,2024-12-22,2024-12-23
719,basic,2025-01-21,,True,2025-01-21,2025-01-22
720,basic,2025-01-28,,True,2025-01-28,2025-01-29
721,standard,2024-11-25,,True,2024-11-25,2024-11-26
722,basic,2024-09-17,,True,2024-09-17,2024-09-18
723,basic,2025-05-02,,True,2025-05-02,2025-05-03
724,premium,2024-08-27,2024-09-26,False,2024-08-27,2024-08-28
724,basic,2024-09-26,,True,2024-09-26,2024-09-27
725,premium,2025-05-12,2025-06-11,False,2025-05-12,2025-05-13
725,basic,2025-06-11,,True,2025-06-11,2025-06-12
726,premium,2024-11-03,2024-12-03,False,2024-11-03,2024-11-04
726,basic,2024-12-03,,True,2024-12-03,2024-12-04
727,basic,2025-05-06,2025-06-05,False,2025-05-06,2025-05-07
727,basic,2025-06-05,,True,2025-06-05,2025-06-06
728,basic,2024-12-02,2025-01-01,False,2024-12-02,2024-12-03
728,premium,2025-01-01,,True,2025-01-01,2025-01-02
729,standard,2025-04-19,2025-05-19,False,2025-04-19,2025-04-20
729,premium,2025-05-19,,True,2025-05-19,2025-05-20
730,premium,2024-06-07,,True,2024-06-07,2024-06-08
731,premium,2025-05-09,2025-06-08,False,2025-05-09,2025-05-10
731,premium,2025-06-08,,True,2025-06-08,2025-06-09
732,premium,2025-06-01,2025-07-01,False,2025-06-01,2025-06-02
732,standard,2025-07-01,,True,2025-07-01,2025-07-02
733,premium,2025-04-25,,True,2025-04-25,2025-04-26
734,standard,2024-11-22,,True,2024-11-22,2024-11-23
735,premium,2024-10-03,,True,2024-10-03,2024-10-04
736,standard,2024-09-06,,True,2024-09-06,2024-09-07
737,standard,2024-10-05,,True,2024-10-05,2024-10-06
738,basic,2025-03-08,,True,2025-03-08,2025-03-09
739,premium,2025-01-23,2025-02-22,False,2025-01-23,2025-01-24
739,basic,2025-02-22,,True,2025-02-22,2025-02-23
740,basic,2024-12-09,2025-01-08,False,2024-12-09,2024-12-10
740,premium,2025-01-08,,True,2025-01-08,2025-01-09
741,standard,2024-07-08,2024-08-07,False,2024-07-08,2024-07-09
741,standard,2024-08-07,,True,2024-08-07,2024-08-08
742,premium,2025-05-12,,True,2025-05-12,2025-05-13
743,premium,2024-08-29,,True,2024-08-29,2024-08-30
744,basic,2024-10-02,,True,2024-10-02,2024-10-03
745,basic,2024-06-08,2024-07-08,False,2024-06-08,2024-06-09
745,basic,2024-07-08,,True,2024-07-08,2024-07-09
746,basic,2024-08-29,,True,2024-08-29,2024-08-30
747,premium,2024-09-24,,True,2024-09-24,2024-09-25
748,premium,2025-05-07,2025-06-06,False,2025-05-07,2025-05-08
748,basic,2025-06-06,,True,2025-06-06,2025-06-07
749,basic,2024-09-25,,True,2024-09-25,2024-09-26
750,basic,2025-05-14,,True,2025-05-14,2025-05-15
751,basic,2024-08-23,2024-09-22,False,2024-08-23,2024-08-24
751,standard,2024-09-22,,True,2024-09-22,2024-09-23
752,standard,2024-11-17,2024-12-17,False,2024-11-17,2024-11-18
752,standard,2024-12-17,,True,2024-12-17,2024-12-18
753,premium,2025-02-15,,True,2025-02-15,2025-02-16
754,premium,2024-12-17,,True,2024-12-17,2024-12-18
755,basic,2025-03-09,,True,2025-03-09,2025-03-10
756,standard,2025-04-19,2025-05-19,False,2025-04-19,2025-04-20
756,premium,2025-05-19,,True,2025-05-19,2025-05-20
757,premium,2024-12-14,,True,2024-12-14,2024-12-15
758,premium,2024-12-27,,True,2024-12-27,2024-12-28
759,premium,2025-04-30,,True,2025-04-30,2025-05-01
760,basic,2024-07-28,,True,2024-07-28,2024-07-29
761,premium,2024-11-12,,True,2024-11-12,2024-11-13
762,basic,2025-01-03,,True,2025-01-03,2025-01-04
763,premium,2024-11-14,2024-12-14,False,2024-11-14,2024-11-15
763,premium,2024-12-14,,True,2024-12-14,2024-12-15
764,basic,2024-12-08,,True,2024-12-08,2024-12-09
765,basic,2024-12-25,,True,2024-12-25,2024-12-26
766,standard,2025-02-23,2025-03-25,False,2025-02-23,2025-02-24
766,standard,2025-03-25,,True,2025-03-25,2025-03-26
767,premium,2024-06-05,,True,2024-06-05,2024-06-06
768,basic,2024-06-20,,True,2024-06-20,2024-06-21
769,premium,2024-12-19,2025-01-18,False,2024-12-19,2024-12-20
769,basic,2025-01-18,,True,2025-01-18,2025-01-19
770,basic,2024-06-29,,True,2024-06-29,2024-06-30
771,standard,2024-09-17,,True,2024-09-17,2024-09-18
772,basic,2025-03-11,2025-04-10,False,2025-03-11,2025-03-12
772,standard,2025-04-10,,True,2025-04-10,2025-04-11
773,standard,2024-11-04,2024-12-04,False,2024-11-04,2024-11-05
773,basic,2024-12-04,,True,2024-12-04,2024-12-05
774,premium,2025-04-18,,True,2025-04-18,2025-04-19
775,standard,2024-07-03,,True,2024-07-03,2024-07-04
776,standard,2024-07-22,,True,2024-07-22,2024-07-23
777,standard,2024-08-08,2024-09-07,False,2024-08-08,2024-08-09
777,standard,2024-09-07,,True,2024-09-07,2024-09-08
778,premium,2024-07-20,2024-08-19,False,2024-07-20,2024-07-21
778,basic,2024-08-19,,True,2024-08-19,2024-08-20
779,basic,2025-03-07,,True,2025-03-07,2025-03-08
780,premium,2025-02-22,,True,2025-02-22,2025-02-23
781,premium,2025-04-01,,True,2025-04-01,2025-04-02
782,premium,2024-07-30,,True,2024-07-30,2024-07-31
783,standard,2025-02-24,,True,2025-02-24,2025-02-25
784,standard,2025-01-31,,True,2025-01-31,2025-02-01
785,standard,2025-04-23,2025-05-23,False,2025-04-23,2025-04-24
785,premium,2025-05-23,,True,2025-05-23,2025-05-24
786,basic,2024-06-28,,True,2024-06-28,2024-06-29
787,basic,2025-01-08,,True,2025-01-08,2025-01-09
788,standard,2024-09-01,,True,2024-09-01,2024-09-02
789,premium,2024-08-28,,True,2024-08-28,2024-08-29
790,basic,2025-03-15,2025-04-14,False,2025-03-15,2025-03-16
790,premium,2025-04-14,,True,2025-04-14,2025-04-15
791,standard,2024-09-17,2024-10-17,False,2024-09-17,2024-09-18
791,basic,2024-10-17,,True,2024-10-17,2024-10-18
792,premium,2024-12-31,,True,2024-12-31,2025-01-01
793,basic,2025-02-05,,True,2025-02-05,2025-02-06
794,standard,2025-04-20,,True,2025-04-20,2025-04-21
795,basic,2024-11-02,2024-12-02,False,2024-11-02,2024-11-03
795,premium,2024-12-02,,True,2024-12-02,2024-12-03
796,standard,2025-05-17,,True,2025-05-17,2025-05-18
797,premium,2024-08-07,2024-09-06,False,2024-08-07,2024-08-08
797,standard,2024-09-06,,True,2024-09-06,2024-09-07
798,standard,2024-12-02,2025-01-01,False,2024-12-02,2024-12-03
798,standard,2025-01-01,,True,2025-01-01,2025-01-02
799,standard,2025-02-04,,True,2025-02-04,2025-02-05
800,premium,2025-02-13,,True,2025-02-13,2025-02-14
801,basic,2024-10-19,2024-11-18,False,2024-10-19,2024-10-20
801,basic,2024-11-18,,True,2024-11-18,2024-11-19
802,standard,2024-08-31,2024-09-30,False,2024-08-31,2024-09-01
802,standard,2024-09-30,,True,2024-09-30,2024-10-01
803,standard,2025-02-17,,True,2025-02-17,2025-02-18
804,standard,2024-06-25,2024-07-25,False,2024-06-25,2024-06-26
804,standard,2024-07-25,,True,2024-07-25,2024-07-26
805,standard,2024-12-24,,True,2024-12-24,2024-12-25
806,standard,2024-09-05,2024-10-05,False,2024-09-05,2024-09-06
806,basic,2024-10-05,,True,2024-10-05,2024-10-06
807,premium,2025-05-07,2025-06-06,False,2025-05-07,2025-05-08
807,basic,2025-06-06,,True,2025-06-06,2025-06-07
808,premium,2024-12-17,,True,2024-12-17,2024-12-18
809,standard,2024-09-10,2024-10-10,False,2024-09-10,2024-09-11
809,basic,2024-10-10,,True,2024-10-10,2024-10-11
810,premium,2024-06-18,2024-07-18,False,2024-06-18,2024-06-19
810,premium,2024-07-18,,True,2024-07-18,2024-07-19
811,basic,2025-03-09,2025-04-08,False,2025-03-09,2025-03-10
811,standard,2025-04-08,,True,2025-04-08,2025-04-09
812,basic,2024-08-22,,True,2024-08-22,2024-08-23
813,standard,2024-10-03,,True,2024-10-03,2024-10-04
814,standard,2024-08-20,,True,2024-08-20,2024-08-21
815,basic,2024-07-16,,True,2024-07-16,2024-07-17
816,basic,2024-08-31,2024-09-30,False,2024-08-31,2024-09-01
816,standard,2024-09-30,,True,2024-09-30,2024-10-01
817,standard,2024-10-27,,True,2024-10-27,2024-10-28
818,premium,2025-03-14,,True,2025-03-14,2025-03-15
819,premium,2025-01-27,2025-02-26,False,2025-01-27,2025-01-28
819,premium,2025-02-26,,True,2025-02-26,2025-02-27
820,standard,2024-12-08,2025-01-07,False,2024-12-08,2024-12-09
820,premium,2025-01-07,,True,2025-01-07,2025-01-08
821,basic,2025-03-24,,True,2025-03-24,2025-03-25
822,premium,2025-04-07,,True,2025-04-07,2025-04-08
823,premium,2024-09-26,2024-10-26,False,2024-09-26,2024-09-27
823,premium,2024-10-26,,True,2024-10-26,2024-10-27
824,premium,2024-08-23,,True,2024-08-23,2024-08-24
825,basic,2024-12-23,2025-01-22,False,2024-12-23,2024-12-24
825,premium,2025-01-22,,True,2025-01-22,2025-01-23
826,premium,2024-11-03,,True,2024-11-03,2024-11-04
827,premium,2024-08-27,2024-09-26,False,2024-08-27,2024-08-28
827,basic,2024-09-26,,True,2024-09-26,2024-09-27
828,standard,2024-12-03,2025-01-02,False,2024-12-03,2024-12-04
828,basic,2025-01-02,,True,2025-01-02,2025-01-03
829,premium,2024-10-05,,True,2024-10-05,2024-10-06
830,basic,2025-05-23,2025-06-22,False,2025-05-23,2025-05-24
830,basic,2025-06-22,,True,2025-06-22,2025-06-23
831,standard,2024-11-19,2024-12-19,False,2024-11-19,2024-11-20
831,basic,2024-12-19,,True,2024-12-19,2024-12-20
832,premium,2024-08-04,2024-09-03,False,2024-08-04,2024-08-05
832,basic,2024-09-03,,True,2024-09-03,2024-09-04
833,premium,2024-08-10,2024-09-09,False,2024-08-10,2024-08-11
833,basic,2024-09-09,,True,2024-09-09,2024-09-10
834,basic,2025-01-24,,True,2025-01-24,2025-01-25
835,basic,2025-04-07,2025-05-07,False,2025-04-07,2025-04-08
835,basic,2025-05-07,,True,2025-05-07,2025-05-08
836,basic,2025-02-03,,True,2025-02-03,2025-02-04
837,premium,2024-07-24,,True,2024-07-24,2024-07-25
838,premium,2025-02-17,2025-03-19,False,2025-02-17,2025-02-18
838,premium,2025-03-19,,True,2025-03-19,2025-03-20
839,standard,2024-11-17,2024-12-17,False,2024-11-17,2024-11-18
839,basic,2024-12-17,,True,2024-12-17,2024-12-18
840,premium,2025-02-03,2025-03-05,False,2025-02-03,2025-02-04
840,standard,2025-03-05,,True,2025-03-05,2025-03-06
841,standard,2025-01-31,2025-03-02,False,2025-01-31,2025-02-01
841,premium,2025-03-02,,True,2025-03-02,2025-03-03
842,premium,2024-12-22,2025-01-21,False,2024-12-22,2024-12-23
842,premium,2025-01-21,,True,2025-01-21,2025-01-22
843,standard,2025-02-23,2025-03-25,False,2025-02-23,2025-02-24
843,standard,2025-03-25,,True,2025-03-25,2025-03-26
844,standard,2024-06-10,2024-07-10,False,2024-06-10,2024-06-11
844,premium,2024-07-10,,True,2024-07-10,2024-07-11
845,premium,2024-11-08,2024-12-08,False,2024-11-08,2024-11-09
845,premium,2024-12-08,,True,2024-12-08,2024-12-09
846,basic,2024-07-13,2024-08-12,False,2024-07-13,2024-07-14
846,standard,2024-08-12,,True,2024-08-12,2024-08-13
847,standard,2024-08-31,,True,2024-08-31,2024-09-01
848,premium,2025-03-29,2025-04-28,False,2025-03-29,2025-03-30
848,standard,2025-04-28,,True,2025-04-28,2025-04-29
849,standard,2024-07-02,2024-08-01,False,2024-07-02,2024-07-03
849,standard,2024-08-01,,True,2024-08-01,2024-08-02
850,basic,2024-09-01,2024-10-01,False,2024-09-01,2024-09-02
850,standard,2024-10-01,,True,2024-10-01,2024-10-02
851,standard,2025-02-09,,True,2025-02-09,2025-02-10
852,basic,2025-06-01,,True,2025-06-01,2025-06-02
853,standard,2024-07-08,,True,2024-07-08,2024-07-09
854,standard,2024-11-25,2024-12-25,False,2024-11-25,2024-11-26
854,basic,2024-12-25,,True,2024-12-25,2024-12-26
855,premium,2024-08-05,,True,2024-08-05,2024-08-06
856,premium,2025-01-26,2025-02-25,False,2025-01-26,2025-01-27
856,standard,2025-02-25,,True,2025-02-25,2025-02-26
857,standard,2025-04-14,,True,2025-04-14,2025-04-15
858,standard,2025-05-06,,True,2025-05-06,2025-05-07
859,standard,2025-04-17,,True,2025-04-17,2025-04-18
860,premium,2024-09-11,2024-10-11,False,2024-09-11,2024-09-12
860,standard,2024-10-11,,True,2024-10-11,2024-10-12
861,standard,2025-05-08,2025-06-07,False,2025-05-08,2025-05-09
861,standard,2025-06-07,,True,2025-06-07,2025-06-08
862,basic,2025-01-30,,True,2025-01-30,2025-01-31
863,basic,2024-09-27,,True,2024-09-27,2024-09-28
864,standard,2025-03-06,2025-04-05,False,2025-03-06,2025-03-07
864,basic,2025-04-05,,True,2025-04-05,2025-04-06
865,standard,2025-05-09,,True,2025-05-09,2025-05-10
866,standard,2024-08-31,,True,2024-08-31,2024-09-01
867,standard,2025-02-06,,True,2025-02-06,2025-02-07
868,standard,2025-03-07,,True,2025-03-07,2025-03-08
869,premium,2025-02-11,,True,2025-02-11,2025-02-12
870,premium,2025-05-26,2025-06-25,False,2025-05-26,2025-05-27
870,premium,2025-06-25,,True,2025-06-25,2025-06-26
871,basic,2024-08-27,,True,2024-08-27,2024-08-28
872,standard,2025-03-12,,True,2025-03-12,2025-03-13
873,standard,2025-05-24,,True,2025-05-24,2025-05-25
874,standard,2024-09-12,2024-10-12,False,2024-09-12,2024-09-13
874,basic,2024-10-12,,True,2024-10-12,2024-10-13
875,standard,2024-10-12,,True,2024-10-12,2024-10-13
876,basic,2024-08-10,2024-09-09,False,2024-08-10,2024-08-11
876,premium,2024-09-09,,True,2024-09-09,2024-09-10
877,basic,2024-07-05,2024-08-04,False,2024-07-05,2024-07-06
877,basic,2024-08-04,,True,2024-08-04,2024-08-05
878,basic,2024-09-02,,True,2024-09-02,2024-09-03
879,standard,2024-07-30,,True,2024-07-30,2024-07-31
880,basic,2024-07-30,2024-08-29,False,2024-07-30,2024-07-31
880,basic,2024-08-29,,True,2024-08-29,2024-08-30
881,basic,2024-07-12,,True,2024-07-12,2024-07-13
882,premium,2024-11-13,2024-12-13,False,2024-11-13,2024-11-14
882,premium,2024-12-13,,True,2024-12-13,2024-12-14
883,basic,2024-07-22,2024-08-21,False,2024-07-22,2024-07-23
883,premium,2024-08-21,,True,2024-08-21,2024-08-22
884,standard,2024-12-24,2025-01-23,False,2024-12-24,2024-12-25
884,basic,2025-01-23,,True,2025-01-23,2025-01-24
885,standard,2024-06-13,,True,2024-06-13,2024-06-14
886,premium,2025-01-08,2025-02-07,False,2025-01-08,2025-01-09
886,basic,2025-02-07,,True,2025-02-07,2025-02-08
887,premium,2024-10-22,2024-11-21,False,2024-10-22,2024-10-23
887,standard,2024-11-21,,True,2024-11-21,2024-11-22
888,standard,2025-03-16,2025-04-15,False,2025-03-16,2025-03-17
888,premium,2025-04-15,,True,2025-04-15,2025-04-16
889,basic,2025-05-01,2025-05-31,False,2025-05-01,2025-05-02
889,basic,2025-05-31,,True,2025-05-31,2025-06-01
890,basic,2024-08-05,2024-09-04,False,2024-08-05,2024-08-06
890,premium,2024-09-04,,True,2024-09-04,2024-09-05
891,premium,2024-09-10,,True,2024-09-10,2024-09-11
892,premium,2024-06-27,,True,2024-06-27,2024-06-28
893,standard,2024-09-21,2024-10-21,False,2024-09-21,2024-09-22
893,premium,2024-10-21,,True,2024-10-21,2024-10-22
894,basic,2024-09-04,,True,2024-09-04,2024-09-05
895,standard,2024-12-02,2025-01-01,False,2024-12-02,2024-12-03
895,standard,2025-01-01,,True,2025-01-01,2025-01-02
896,premium,2024-07-13,,True,2024-07-13,2024-07-14
897,standard,2024-10-26,2024-11-25,False,2024-10-26,2024-10-27
897,premium,2024-11-25,,True,2024-11-25,2024-11-26
898,standard,2025-03-25,2025-04-24,False,2025-03-25,2025-03-26
898,basic,2025-04-24,,True,2025-04-24,2025-04-25
899,standard,2024-11-08,,True,2024-11-08,2024-11-09
900,basic,2025-05-26,,True,2025-05-26,2025-05-27
901,basic,2025-01-10,2025-02-09,False,2025-01-10,2025-01-11
901,premium,2025-02-09,,True,2025-02-09,2025-02-10
902,premium,2024-09-26,,True,2024-09-26,2024-09-27
903,basic,2024-09-18,2024-10-18,False,2024-09-18,2024-09-19
903,standard,2024-10-18,,True,2024-10-18,2024-10-19
904,basic,2025-05-24,,True,2025-05-24,2025-05-25
905,standard,2024-10-19,2024-11-18,False,2024-10-19,2024-10-20
905,premium,2024-11-18,,True,2024-11-18,2024-11-19
906,basic,2024-10-15,,True,2024-10-15,2024-10-16
907,basic,2025-01-06,,True,2025-01-06,2025-01-07
908,premium,2025-03-11,2025-04-10,False,2025-03-11,2025-03-12
908,basic,2025-04-10,,True,2025-04-10,2025-04-11
909,basic,2024-11-19,,True,2024-11-19,2024-11-20
910,basic,2025-03-22,2025-04-21,False,2025-03-22,2025-03-23
910,standard,2025-04-21,,True,2025-04-21,2025-04-22
911,premium,2025-03-30,2025-04-29,False,2025-03-30,2025-03-31
911,basic,2025-04-29,,True,2025-04-29,2025-04-30
912,standard,2025-02-05,,True,2025-02-05,2025-02-06
913,premium,2024-08-31,,True,2024-08-31,2024-09-01
914,basic,2024-11-05,2024-12-05,False,2024-11-05,2024-11-06
914,premium,2024-12-05,,True,2024-12-05,2024-12-06
915,basic,2025-06-01,,True,2025-06-01,2025-06-02
916,premium,2024-12-16,2025-01-15,False,2024-12-16,2024-12-17
916,premium,2025-01-15,,True,2025-01-15,2025-01-16
917,standard,2025-02-12,,True,2025-02-12,2025-02-13
918,basic,2025-05-24,,True,2025-05-24,2025-05-25
919,basic,2024-12-17,,True,2024-12-17,2024-12-18
920,standard,2024-07-14,,True,2024-07-14,2024-07-15
921,standard,2024-10-11,2024-11-10,False,2024-10-11,2024-10-12
921,premium,2024-11-10,,True,2024-11-10,2024-11-11
922,premium,2024-12-27,,True,2024-12-27,2024-12-28
923,basic,2024-10-28,2024-11-27,False,2024-10-28,2024-10-29
923,premium,2024-11-27,,True,2024-11-27,2024-11-28
924,premium,2025-03-22,,True,2025-03-22,2025-03-23
925,premium,2024-09-06,,True,2024-09-06,2024-09-07
926,basic,2024-12-25,2025-01-24,False,2024-12-25,2024-12-26
926,standard,2025-01-24,,True,2025-01-24,2025-01-25
927,premium,2024-11-14,,True,2024-11-14,2024-11-15
928,premium,2025-02-07,2025-03-09,False,2025-02-07,2025-02-08
928,standard,2025-03-09,,True,2025-03-09,2025-03-10
929,basic,2024-10-08,,True,2024-10-08,2024-10-09
930,basic,2024-09-20,,True,2024-09-20,2024-09-21
931,premium,2024-07-16,,True,2024-07-16,2024-07-17
932,basic,2024-10-09,2024-11-08,False,2024-10-09,2024-10-10
932,premium,2024-11-08,,True,2024-11-08,2024-11-09
933,premium,2024-08-18,,True,2024-08-18,2024-08-19
934,basic,2024-07-09,,True,2024-07-09,2024-07-10
935,standard,2024-09-28,2024-10-28,False,2024-09-28,2024-09-29
935,standard,2024-10-28,,True,2024-10-28,2024-10-29
936,standard,2025-02-19,,True,2025-02-19,2025-02-20
937,basic,2025-01-27,,True,2025-01-27,2025-01-28
938,standard,2025-05-10,,True,2025-05-10,2025-05-11
939,basic,2024-08-06,2024-09-05,False,2024-08-06,2024-08-07
939,premium,2024-09-05,,True,2024-09-05,2024-09-06
940,basic,2024-11-07,2024-12-07,False,2024-11-07,2024-11-08
940,standard,2024-12-07,,True,2024-12-07,2024-12-08
941,basic,2024-10-30,2024-11-29,False,2024-10-30,2024-10-31
941,basic,2024-11-29,,True,2024-11-29,2024-11-30
942,basic,2025-01-30,2025-03-01,False,2025-01-30,2025-01-31
942,premium,2025-03-01,,True,2025-03-01,2025-03-02
943,standard,2025-01-14,,True,2025-01-14,2025-01-15
944,basic,2024-11-08,2024-12-08,False,2024-11-08,2024-11-09
944,premium,2024-12-08,,True,2024-12-08,2024-12-09
945,basic,2024-08-18,,True,2024-08-18,2024-08-19
946,basic,2025-03-22,2025-04-21,False,2025-03-22,2025-03-23
946,basic,2025-04-21,,True,2025-04-21,2025-04-22
947,standard,2025-04-19,,True,2025-04-19,2025-04-20
948,basic,2024-08-15,,True,2024-08-15,2024-08-16
949,basic,2025-04-15,2025-05-15,False,2025-04-15,2025-04-16
949,standard,2025-05-15,,True,2025-05-15,2025-05-16
950,premium,2024-09-26,,True,2024-09-26,2024-09-27
951,premium,2025-01-04,,True,2025-01-04,2025-01-05
952,standard,2024-11-18,,True,2024-11-18,2024-11-19
953,premium,2025-02-17,2025-03-19,False,2025-02-17,2025-02-18
953,standard,2025-03-19,,True,2025-03-19,2025-03-20
954,standard,2025-01-06,2025-02-05,False,2025-01-06,2025-01-07
954,standard,2025-02-05,,True,2025-02-05,2025-02-06
955,standard,2024-07-17,,True,2024-07-17,2024-07-18
956,standard,2024-10-18,2024-11-17,False,2024-10-18,2024-10-19
956,basic,2024-11-17,,True,2024-11-17,2024-11-18
957,basic,2024-11-04,,True,2024-11-04,2024-11-05
958,premium,2024-11-05,,True,2024-11-05,2024-11-06
959,basic,2025-02-12,,True,2025-02-12,2025-02-13
960,premium,2024-08-06,,True,2024-08-06,2024-08-07
961,premium,2024-07-25,,True,2024-07-25,2024-07-26
962,premium,2025-01-16,,True,2025-01-16,2025-01-17
963,standard,2024-06-07,2024-07-07,False,2024-06-07,2024-06-08
963,basic,2024-07-07,,True,2024-07-07,2024-07-08
964,premium,2024-10-22,2024-11-21,False,2024-10-22,2024-10-23
964,premium,2024-11-21,,True,2024-11-21,2024-11-22
965,premium,2024-12-02,,True,2024-12-02,2024-12-03
966,basic,2025-02-18,,True,2025-02-18,2025-02-19
967,standard,2024-07-04,2024-08-03,False,2024-07-04,2024-07-05
967,basic,2024-08-03,,True,2024-08-03,2024-08-04
968,basic,2024-08-23,2024-09-22,False,2024-08-23,2024-08-24
968,premium,2024-09-22,,True,2024-09-22,2024-09-23
969,basic,2024-12-17,2025-01-16,False,2024-12-17,2024-12-18
969,standard,2025-01-16,,True,2025-01-16,2025-01-17
970,standard,2024-12-28,,True,2024-12-28,2024-12-29
971,premium,2024-12-22,,True,2024-12-22,2024-12-23
972,basic,2024-09-10,2024-10-10,False,2024-09-10,2024-09-11
972,basic,2024-10-10,,True,2024-10-10,2024-10-11
973,premium,2024-10-16,,True,2024-10-16,2024-10-17
974,standard,2025-03-09,,True,2025-03-09,2025-03-10
975,premium,2025-06-01,2025-07-01,False,2025-06-01,2025-06-02
975,standard,2025-07-01,,True,2025-07-01,2025-07-02
976,basic,2025-01-29,2025-02-28,False,2025-01-29,2025-01-30
976,basic,2025-02-28,,True,2025-02-28,2025-03-01
977,standard,2025-06-04,,True,2025-06-04,2025-06-05
978,basic,2025-04-15,2025-05-15,False,2025-04-15,2025-04-16
978,premium,2025-05-15,,True,2025-05-15,2025-05-16
979,basic,2025-06-02,2025-07-02,False,2025-06-02,2025-06-03
979,premium,2025-07-02,,True,2025-07-02,2025-07-03
980,basic,2024-08-19,2024-09-18,False,2024-08-19,2024-08-20
980,basic,2024-09-18,,True,2024-09-18,2024-09-19
981,basic,2024-10-10,,True,2024-10-10,2024-10-11
982,basic,2024-11-07,2024-12-07,False,2024-11-07,2024-11-08
982,standard,2024-12-07,,True,2024-12-07,2024-12-08
983,premium,2024-08-18,,True,2024-08-18,2024-08-19
984,premium,2024-12-29,2025-01-28,False,2024-12-29,2024-12-30
984,standard,2025-01-28,,True,2025-01-28,2025-01-29
985,premium,2024-12-18,,True,2024-12-18,2024-12-19
986,premium,2024-09-19,2024-10-19,False,2024-09-19,2024-09-20
986,standard,2024-10-19,,True,2024-10-19,2024-10-20
987,basic,2025-04-14,2025-05-14,False,2025-04-14,2025-04-15
987,standard,2025-05-14,,True,2025-05-14,2025-05-15
988,standard,2024-07-08,2024-08-07,False,2024-07-08,2024-07-09
988,basic,2024-08-07,,True,2024-08-07,2024-08-08
989,standard,2025-05-06,2025-06-05,False,2025-05-06,2025-05-07
989,standard,2025-06-05,,True,2025-06-05,2025-06-06
990,basic,2024-07-20,,True,2024-07-20,2024-07-21
991,standard,2024-07-27,,True,2024-07-27,2024-07-28
992,standard,2025-03-09,,True,2025-03-09,2025-03-10
993,basic,2024-07-26,2024-08-25,False,2024-07-26,2024-07-27
993,basic,2024-08-25,,True,2024-08-25,2024-08-26
994,standard,2024-11-02,2024-12-02,False,2024-11-02,2024-11-03
994,standard,2024-12-02,,True,2024-12-02,2024-12-03
995,basic,2025-03-21,2025-04-20,False,2025-03-21,2025-03-22
995,premium,2025-04-20,,True,2025-04-20,2025-04-21
996,premium,2024-12-09,,True,2024-12-09,2024-12-10
997,premium,2025-04-21,2025-05-21,False,2025-04-21,2025-04-22
997,basic,2025-05-21,,True,2025-05-21,2025-05-22
998,standard,2024-10-01,2024-10-31,False,2024-10-01,2024-10-02
998,premium,2024-10-31,,True,2024-10-31,2024-11-01
999,standard,2025-04-10,2025-05-10,False,2025-04-10,2025-04-11
999,basic,2025-05-10,,True,2025-05-10,2025-05-11
1000,standard,2024-11-18,,True,2024-11-18,2024-11-19
